Account Length,Churn,Int'l Plan,VMail Plan,State,Area Code,Phone
128,0,0,1,KS,415,382-4657
107,0,0,1,OH,415,371-7191
137,0,0,0,NJ,415,358-1921
84,0,1,0,OH,408,375-9999
75,0,1,0,OK,415,330-6626
118,0,1,0,AL,510,391-8027
121,0,0,1,MA,510,355-9993
147,0,1,0,MO,415,329-9001
117,0,0,0,LA,408,335-4719
141,0,1,1,WV,415,330-8173
65,1,0,0,IN,415,329-6603
74,0,0,0,RI,415,344-9403
168,0,0,0,IA,408,363-1107
95,0,0,0,MT,510,394-8006
62,0,0,0,IA,415,366-9238
161,1,0,0,NY,415,351-7269
85,0,0,1,ID,408,350-8884
93,0,0,0,VT,510,386-2923
76,0,0,1,VA,510,356-2992
73,0,0,0,TX,415,373-2782
147,0,0,0,FL,415,396-5800
77,1,0,0,CO,408,393-7984
130,0,0,0,AZ,415,358-1958
111,0,0,0,SC,415,350-2565
132,0,0,0,VA,510,343-4696
174,0,0,0,NE,415,331-3698
57,0,0,1,WY,408,357-3817
54,0,0,0,MT,408,418-6412
20,0,0,0,MO,415,353-2630
49,0,0,0,HI,510,410-7789
142,0,0,0,IL,415,416-8428
75,0,0,0,NH,510,370-3359
172,0,0,0,LA,408,383-1121
12,1,0,0,AZ,408,360-1596
57,0,0,1,OK,408,395-2854
72,0,0,1,GA,415,362-1407
36,0,0,1,AK,408,341-9764
78,0,0,0,MA,415,353-3305
136,0,1,1,AK,415,402-1381
149,0,0,0,NJ,408,332-9891
98,0,0,0,GA,408,372-9976
135,1,1,1,MD,408,383-6029
34,0,0,0,AR,510,353-7289
160,0,0,0,ID,415,390-7274
64,0,0,0,WI,510,352-1237
59,0,0,1,OR,408,353-3061
65,0,0,0,MI,415,363-5450
142,0,0,0,DE,408,364-1995
119,1,0,0,ID,415,398-1294
97,0,0,1,WY,415,405-7146
52,0,0,0,IA,408,413-4957
60,0,0,0,IN,408,420-5645
10,0,0,0,VA,408,349-4396
96,0,0,0,UT,415,404-3211
87,1,0,0,WY,415,353-3759
81,0,0,0,IN,408,363-5947
141,0,0,0,CO,415,340-5121
121,1,0,1,CO,408,370-7574
68,0,0,0,WI,415,403-9733
125,0,0,0,OK,408,355-7251
174,0,0,0,ID,408,359-5893
116,0,0,1,CA,415,405-3371
74,0,0,1,MN,510,344-5117
149,0,0,1,SD,408,332-8160
38,0,0,0,NC,408,359-4081
40,0,0,1,WA,415,352-8305
43,0,1,0,WY,415,329-9847
113,0,1,0,MN,408,365-9011
126,0,0,0,UT,408,338-9472
150,1,0,0,TX,510,374-8042
138,0,0,0,NJ,408,359-1231
162,0,0,1,MN,510,413-7170
147,0,0,0,NM,510,415-2935
90,0,0,0,NV,415,399-4246
85,0,0,0,HI,415,362-5889
50,0,0,0,MN,415,350-8921
82,1,0,0,DC,415,374-5353
144,1,0,0,NY,408,360-1171
46,0,0,0,MN,415,355-8887
70,0,0,0,MD,408,333-1967
144,0,0,0,WV,415,354-4577
116,0,1,0,OR,415,331-7425
55,0,0,1,CO,408,419-2637
70,0,0,1,GA,415,411-1530
106,1,0,0,TX,510,395-3026
128,0,0,1,VT,510,388-6441
94,1,0,0,IN,408,402-1251
111,0,0,0,WV,510,412-9997
74,0,0,1,KY,415,346-7302
128,1,0,0,NJ,415,358-9095
82,0,0,0,DC,510,400-9770
155,1,0,0,LA,415,334-1275
80,0,0,0,AR,415,340-4953
78,0,0,0,ME,415,400-9510
90,0,0,0,AZ,415,387-6103
104,0,0,0,AK,408,366-4467
73,0,0,0,MT,415,370-3450
99,0,0,0,AZ,415,327-3954
120,1,0,0,MS,408,355-6291
77,1,0,0,ID,415,362-9748
98,0,0,1,IA,510,379-6506
108,0,0,0,MA,415,347-7741
135,0,0,0,VT,415,354-3783
95,0,0,0,KY,408,401-7594
122,0,0,0,IN,408,397-4976
95,0,0,0,AZ,408,334-2577
36,0,0,1,MI,510,400-3637
93,0,0,1,NM,510,383-4361
141,0,0,1,CO,415,371-4306
157,0,0,0,UT,408,403-4298
120,0,0,0,MI,408,409-3786
103,0,0,0,MA,415,337-4697
98,0,0,0,AL,408,383-1509
125,0,0,0,DE,408,359-9794
63,0,0,0,AZ,415,407-7035
36,1,1,1,ME,510,363-1069
64,0,0,0,NJ,510,391-4652
74,1,0,0,NV,415,355-6837
112,0,0,1,MO,510,409-1244
97,0,0,0,ID,408,328-3266
46,0,0,0,NE,408,352-7072
41,0,0,1,TX,408,370-7550
121,0,0,0,MD,510,369-5526
193,0,0,0,MS,415,329-4391
130,0,0,0,NV,510,408-4195
85,0,0,0,AZ,408,354-4445
162,1,0,0,MS,415,335-4858
61,1,0,1,MS,510,414-8718
92,0,0,0,TX,408,409-5939
131,0,0,1,NE,408,331-4902
90,0,0,0,NE,415,353-6870
75,0,0,0,CA,408,355-2909
78,0,0,0,NJ,415,390-6101
82,0,0,0,TX,408,400-3446
163,0,0,0,AR,408,411-5859
91,0,1,0,AL,510,387-2919
75,0,0,1,NY,415,374-8525
91,0,0,0,FL,510,379-5592
127,0,0,1,AK,510,345-8237
113,0,0,1,NV,415,422-6690
110,0,0,0,DE,510,346-2359
120,0,0,1,MD,415,374-3534
157,0,0,1,MI,415,381-4756
103,0,0,0,VT,510,390-2805
117,1,1,0,VT,408,390-2390
140,0,0,0,MI,415,419-9097
127,0,0,0,WA,408,386-7281
83,0,1,0,UT,408,380-3561
121,0,0,0,LA,408,390-8760
145,0,0,1,RI,408,366-6730
113,0,0,0,IA,408,395-5285
117,0,0,0,NE,415,354-3436
65,0,0,0,OH,408,336-7600
56,0,0,0,RI,415,383-6293
96,0,0,0,OK,415,362-4596
151,0,0,0,LA,408,401-3926
83,1,0,0,OH,415,370-9116
139,0,0,1,VA,510,328-6289
6,0,0,0,MO,510,350-9994
115,0,0,1,FL,510,351-4616
87,0,0,0,SC,415,360-5779
141,0,0,0,VA,415,417-4885
141,0,0,1,IA,510,406-4710
62,0,0,0,MI,415,409-8743
146,0,0,0,OK,415,335-4584
92,0,0,1,DE,415,361-9845
185,0,0,1,GA,510,366-5699
148,0,0,0,DC,415,329-9364
94,0,0,1,AZ,408,390-7434
32,0,0,0,AL,510,404-9680
68,0,0,0,CO,408,338-9398
64,0,0,1,NH,408,394-2445
25,0,0,0,NM,415,381-2709
65,0,0,0,OR,415,397-5060
179,0,0,0,LA,408,415-2393
94,0,0,0,NE,415,377-1765
62,0,0,0,MN,415,409-2111
127,0,0,0,MI,415,401-3170
116,0,0,0,AR,408,405-5681
70,0,0,0,KS,408,411-4582
94,0,1,1,WV,510,355-5009
126,1,0,0,AK,415,372-3750
67,0,0,1,NY,408,405-2888
19,0,0,0,NH,408,361-3337
170,0,1,0,VA,510,350-1639
73,0,0,0,NM,415,333-3221
106,0,0,0,NY,408,422-1471
93,0,0,0,AZ,415,399-7865
164,0,0,0,WY,510,373-4819
51,0,0,0,WA,408,338-6981
107,0,0,0,CO,415,418-4365
130,0,0,0,TX,415,359-5461
80,0,0,0,KY,408,375-3586
94,0,0,0,MT,415,407-8376
118,0,0,1,OK,408,408-6496
117,0,0,1,MD,415,385-7688
78,0,0,0,TN,415,332-6934
208,1,0,0,TX,510,378-3625
131,1,1,1,ME,510,353-7292
63,0,0,0,DC,408,399-6786
53,0,0,1,MN,415,358-3261
62,0,0,0,DE,408,377-9932
97,0,0,0,MD,415,397-4030
105,0,0,0,MI,510,367-1062
157,0,0,0,WA,415,341-8467
66,0,0,1,MO,415,339-9453
122,0,0,0,IN,415,344-3388
38,0,0,0,OR,415,375-8013
106,0,0,0,MD,510,408-4142
99,0,0,0,RI,510,386-3671
99,0,0,0,LA,415,411-2284
144,0,1,0,AZ,510,346-7795
82,0,0,1,PA,415,333-5609
86,0,0,1,AZ,408,405-1842
70,1,1,0,FL,510,366-6345
93,0,0,0,LA,415,337-9345
93,0,0,0,FL,415,328-6770
120,0,0,0,FL,415,380-7321
136,1,0,0,MD,415,375-1476
106,0,0,0,AL,415,356-1567
81,0,0,0,WA,415,422-6685
127,0,0,1,TN,408,336-1090
65,0,0,0,MS,415,343-2095
35,0,0,0,ME,408,345-3934
88,0,0,0,OK,408,338-8050
65,0,0,0,IN,415,388-9568
123,0,0,0,MO,415,402-6591
126,0,0,1,IA,408,403-6419
104,0,0,1,VA,415,386-9790
45,0,0,1,KY,415,378-5692
93,1,1,0,MD,408,360-3324
63,0,1,1,OH,415,410-3719
100,0,0,0,OK,415,352-4221
53,0,0,0,NV,415,327-6179
92,0,1,0,ID,415,359-6196
139,1,0,0,MN,510,374-9107
110,0,0,1,SD,408,357-4078
110,0,0,0,IL,408,366-5780
215,0,0,0,WY,510,393-9619
73,0,0,0,AL,415,355-9295
138,0,0,0,NJ,510,400-5751
137,1,1,0,NV,415,338-1027
36,0,0,0,IN,415,405-8867
85,0,0,0,WV,408,336-5616
108,1,0,0,VA,408,335-1697
22,0,0,0,SC,408,331-5138
107,0,0,1,RI,415,385-8240
51,0,0,0,IN,510,348-1359
94,0,0,0,AZ,408,354-7339
119,0,0,1,NM,510,349-1687
33,1,0,1,OR,415,380-2558
106,0,0,0,NJ,415,365-2153
82,0,0,0,MS,408,345-6043
86,0,0,1,MI,510,349-2808
97,0,1,0,TX,415,411-1715
106,0,0,1,FL,408,385-2488
108,0,0,0,DC,510,377-7177
114,0,0,0,TX,415,342-1099
92,1,1,0,KS,408,386-4170
59,0,0,0,UT,510,413-1269
24,0,0,1,MN,510,396-4460
151,0,0,0,IL,408,334-2730
117,0,0,0,NM,415,340-3182
78,0,0,0,SC,510,377-8608
155,0,0,0,NC,408,417-3676
114,0,0,1,WV,510,417-6774
114,0,0,1,RI,510,411-9554
119,0,0,0,NH,408,420-3192
64,0,0,1,MO,510,389-1475
118,0,1,0,MA,408,343-7734
101,0,0,0,PA,415,410-3390
117,0,0,0,OK,415,344-6495
49,0,0,1,AL,415,331-6229
139,0,0,0,WY,415,337-7501
92,0,0,1,PA,408,339-9631
83,0,0,0,WA,415,369-4384
148,0,1,0,HI,510,416-3915
144,1,0,1,SD,408,339-3049
131,0,0,1,AL,415,361-7998
146,0,1,0,VT,510,355-4842
143,0,0,0,MT,415,387-6440
81,0,0,0,MN,415,369-2625
48,0,0,1,AK,415,389-7073
86,0,0,1,MI,415,370-8463
71,0,0,0,DE,415,362-7318
145,0,0,1,SD,408,412-1194
137,0,0,0,MI,510,355-9508
137,0,0,0,KS,408,352-8202
167,0,0,0,AL,510,335-5882
89,1,0,0,OK,510,352-6976
199,0,0,1,CT,415,393-6733
132,0,0,0,NE,510,335-1838
94,0,0,0,WI,510,355-6930
96,1,0,1,CT,415,387-5860
96,0,0,1,WI,510,343-2605
166,0,0,0,IN,510,350-6759
74,0,0,0,DC,415,371-1514
36,0,0,0,AR,415,346-9317
113,0,0,0,ME,415,398-4313
94,0,0,0,MN,415,412-4399
67,0,0,0,MD,415,330-1835
127,1,0,0,FL,415,416-1676
121,1,0,0,RI,408,329-7347
158,0,0,0,IA,415,360-6868
136,0,0,0,AZ,510,405-6641
196,0,0,0,MO,415,393-2373
113,1,0,0,VT,415,419-1714
122,1,0,0,IN,408,336-3819
112,0,0,0,RI,510,341-3464
209,0,0,0,SD,415,413-5310
62,1,0,0,MN,415,366-7912
110,0,0,1,TX,415,399-8845
16,0,0,0,VA,510,368-2583
73,0,0,0,MA,408,360-6309
128,0,0,0,ID,408,359-5890
39,0,0,0,MA,408,332-2462
103,0,0,1,GA,415,381-9196
119,0,0,1,RI,415,329-3222
173,0,0,1,ID,510,363-5819
128,1,1,1,SD,510,413-9269
86,0,0,0,MA,510,330-7483
114,0,0,1,WY,415,403-7775
104,0,0,0,VA,408,360-2479
148,0,0,0,OR,415,394-3791
129,0,0,0,VA,408,384-2632
100,0,0,1,ME,510,359-8466
121,0,0,1,AL,408,331-8909
143,0,0,1,GA,408,359-5160
76,0,0,0,IA,510,330-9833
158,0,0,0,AZ,510,362-2314
116,0,0,0,FL,510,338-8478
54,1,0,0,MT,415,387-5453
86,1,0,0,AL,415,380-3437
108,0,0,0,DE,510,365-8779
66,0,0,0,MT,510,407-2750
151,0,0,1,KY,408,396-8265
99,0,0,0,SC,510,397-4304
55,0,0,0,WA,415,333-2611
77,0,0,0,OR,510,409-8814
78,0,0,0,AK,408,336-5406
89,1,0,0,GA,415,343-6940
101,0,0,0,MN,415,361-9923
44,0,0,1,IL,415,350-6639
98,0,0,1,IN,408,376-4300
64,0,0,1,SC,510,349-6567
141,0,0,0,VA,415,333-7749
81,0,0,1,WI,415,408-6089
162,0,0,0,VT,510,375-2165
83,0,0,1,AZ,415,400-6999
100,1,0,0,FL,510,420-7823
59,0,0,0,AK,510,366-5241
179,0,1,1,AR,415,413-3412
79,0,0,0,AR,408,406-2752
117,0,0,0,AK,415,337-8078
64,1,1,0,MS,408,402-1942
31,0,0,0,ME,415,371-7917
124,0,1,0,CA,408,343-6374
122,0,0,1,NM,408,385-8730
37,0,1,1,NE,408,393-7892
90,0,0,1,SC,408,407-6748
159,1,1,0,CO,408,341-4463
148,0,0,0,DE,415,351-2587
39,0,0,1,OH,415,421-9752
77,0,0,0,MS,408,356-4001
194,0,0,0,OK,408,328-9869
154,1,0,0,CO,415,343-5709
112,0,0,0,NC,415,334-1872
45,0,0,0,MD,415,350-1040
132,0,0,0,KS,415,369-3214
128,0,0,0,MA,415,385-6778
135,0,0,0,NC,415,383-7689
56,0,0,0,NM,408,385-5722
151,1,1,0,CA,415,357-1909
32,0,0,0,NY,415,364-3567
90,0,0,0,AZ,415,422-4241
87,0,0,1,SD,415,370-2957
138,0,0,0,DC,415,329-6562
79,0,0,0,ND,408,363-3515
95,1,1,0,MO,415,374-7787
127,0,0,0,KS,415,345-2931
137,0,0,0,SD,510,373-5732
97,0,0,0,OK,415,348-7437
149,0,1,0,OR,415,332-9460
117,0,1,1,IN,415,355-6531
84,0,0,0,OH,408,336-9390
137,0,0,0,KS,415,346-8581
99,0,0,0,CT,415,363-8824
54,0,0,0,NH,510,353-3351
85,0,0,0,WI,415,360-4320
150,0,0,0,MS,510,417-6252
43,0,0,0,WV,415,393-4949
35,0,0,0,MA,415,401-3156
98,0,0,0,MD,415,338-6283
112,0,0,0,PA,510,352-9017
16,1,0,0,WI,510,405-5305
98,0,0,1,TN,415,376-9249
84,0,0,0,TX,408,339-7139
94,1,0,0,OR,415,328-6011
84,0,0,0,IL,510,378-1303
66,1,0,0,DC,415,402-5155
98,0,0,1,GA,415,333-5430
74,0,0,0,ID,415,365-9696
96,0,0,1,UT,408,410-4023
119,0,0,0,KY,510,411-7649
73,0,0,0,OH,415,338-4065
92,0,1,0,WI,415,421-9401
21,0,0,0,IL,415,343-9658
122,1,0,0,DE,510,332-5521
133,0,1,0,RI,510,349-4369
145,0,0,0,TX,415,351-4288
25,0,0,0,OR,408,422-5874
64,0,0,0,NV,415,396-2324
85,0,0,0,NE,415,416-5662
126,0,0,0,MS,415,363-9663
76,0,0,0,OR,415,410-9477
113,1,0,0,DE,415,352-4418
224,1,1,0,DE,510,361-6563
117,0,0,0,AZ,408,417-4404
128,0,0,1,SD,408,372-8048
115,0,0,0,NV,415,356-3646
141,0,0,1,NM,415,351-9604
51,0,0,0,MN,510,355-9581
100,0,0,0,NJ,415,396-5189
96,0,0,1,IN,415,356-9187
112,0,0,1,DC,415,394-5537
129,0,1,0,MA,510,408-2712
163,0,0,0,ME,415,404-4486
67,0,0,1,NH,415,355-1113
140,0,0,0,AZ,408,411-4674
49,0,0,0,OR,510,376-4519
46,1,0,0,KS,510,365-5979
148,0,0,0,NE,415,382-2879
112,0,0,0,MI,510,420-1383
78,0,0,0,SC,415,411-7390
61,0,0,1,PA,408,383-8848
58,0,0,1,MT,510,387-9301
155,0,0,0,NM,415,399-3164
100,1,0,0,OH,510,385-8997
113,0,0,0,WY,510,352-6573
81,0,0,0,MI,415,408-3384
135,0,0,1,AR,510,419-6033
99,0,0,0,FL,408,336-2090
59,0,0,1,AR,510,343-7242
135,0,0,0,MO,510,376-1713
85,0,1,0,WI,408,381-5878
70,0,0,0,TX,510,390-5470
88,0,0,0,TX,510,414-4803
55,0,0,0,NM,510,382-5478
75,0,0,0,GA,415,333-7637
79,0,0,1,ID,510,341-1647
85,0,0,0,AL,408,411-4232
86,0,0,1,KS,408,339-2616
91,0,0,0,SD,510,327-3850
149,0,0,1,LA,415,328-7209
97,1,0,0,OH,408,405-6189
88,1,0,0,MA,415,418-6737
60,0,0,0,AZ,415,366-2212
54,0,0,0,KY,408,356-1420
11,0,0,1,DC,415,343-1323
109,0,0,0,WA,415,361-8239
90,0,0,0,UT,415,384-1621
115,0,0,0,RI,408,360-3525
144,0,0,1,OH,415,392-3813
91,0,0,0,NV,408,337-6898
105,0,0,1,ND,415,366-8036
71,1,1,0,NV,415,352-8327
132,1,0,1,FL,510,334-9505
112,0,0,0,MD,415,336-5702
86,0,0,1,AZ,415,392-2381
41,0,0,1,AL,510,369-6880
44,0,0,0,NE,415,416-8697
78,0,0,0,NV,408,345-3451
149,0,0,0,IL,408,379-2514
72,1,0,1,WV,510,418-6651
139,0,0,1,MI,415,421-3528
74,0,0,0,AR,510,329-9046
50,0,0,0,UT,510,406-3890
141,0,0,1,GA,510,403-8904
140,0,0,0,AZ,408,393-4086
99,0,0,0,ID,408,400-1367
166,0,0,0,HI,408,377-9473
124,0,0,0,NV,408,396-3068
74,0,0,0,MD,415,331-9293
117,0,0,0,GA,510,347-1914
85,0,0,0,GA,510,395-1962
36,0,0,1,UT,415,401-5485
102,0,1,0,MA,510,355-6560
76,0,0,0,IN,415,363-3911
165,0,0,0,VT,510,345-1998
130,0,0,0,IA,415,361-5277
78,0,0,0,IN,415,376-7145
55,1,1,0,AL,415,375-2975
92,1,1,0,ME,415,376-8573
129,0,0,1,RI,415,366-7360
18,0,0,0,MD,408,347-7898
161,0,1,0,FL,415,390-7328
93,0,0,1,CA,415,356-5491
144,0,0,0,AL,415,373-3251
75,1,1,0,ME,408,343-1965
95,0,0,0,WV,415,378-8019
126,0,0,1,SD,415,386-1548
124,0,0,1,FL,415,397-1649
93,1,1,0,MI,415,366-7247
109,0,1,1,MI,415,402-9691
80,0,0,0,NM,510,334-9806
41,0,0,0,AK,415,378-7733
136,0,0,1,OH,415,407-2248
92,1,0,0,MO,415,405-3916
143,0,0,1,KS,408,407-2081
118,1,0,1,MS,415,397-9148
193,0,0,1,VT,408,415-4857
73,0,0,0,NE,415,354-7314
62,0,0,0,VA,408,346-5611
30,0,0,1,DE,415,349-4703
60,1,1,1,AL,408,411-7778
148,0,0,1,ID,510,421-1469
96,0,0,0,MS,510,420-5990
52,0,0,0,OK,408,389-4780
87,0,0,0,NM,415,357-2735
41,0,0,0,WI,408,409-4791
112,0,0,0,WV,415,380-5286
88,1,0,0,SC,510,394-8402
122,0,0,1,KY,408,392-1616
61,0,0,0,MO,408,364-1969
87,0,0,0,IL,510,390-4152
176,0,0,0,OK,408,367-7039
30,0,0,0,MI,510,391-6607
95,0,0,1,NJ,415,379-6652
46,0,0,0,ID,415,384-1833
100,0,1,0,DC,510,403-2455
47,0,0,1,NY,415,391-1348
77,0,0,0,AL,415,408-4174
98,0,0,1,OR,415,366-4334
125,0,0,1,OK,415,406-5059
67,0,0,0,LA,510,373-6784
194,0,0,0,NE,408,408-3532
128,0,0,1,TX,415,350-8680
190,0,0,1,UT,415,398-9870
165,0,0,0,OR,415,343-3356
59,0,0,0,NY,408,415-4609
47,0,0,1,AL,408,404-5387
150,0,0,1,RI,415,415-8151
152,1,1,1,MN,415,416-2778
26,0,0,0,NC,415,393-3300
79,0,0,1,MD,510,391-7661
95,0,0,1,RI,510,339-4317
69,1,1,0,WI,510,418-6455
95,1,1,1,VT,510,378-3508
31,0,0,1,CT,415,390-9359
121,0,0,1,OK,408,364-2495
111,1,0,0,AK,415,364-7719
157,0,0,0,NY,415,421-1189
44,1,0,0,GA,510,419-8987
61,0,1,0,UT,510,402-9980
65,0,0,0,NM,415,376-5908
74,0,0,1,NE,415,400-3150
123,0,0,0,NJ,408,336-1749
58,0,0,1,TX,408,420-1259
74,1,0,0,MT,408,339-7541
125,0,0,0,CO,415,378-9029
80,0,0,0,VT,415,342-7514
53,0,0,1,RI,408,422-4956
99,0,0,1,WY,408,389-8606
99,0,0,0,ID,415,406-7261
66,0,0,1,CT,415,417-7973
97,0,0,0,ME,510,390-2891
75,0,0,1,AZ,510,385-7387
85,0,1,0,MD,510,362-2776
108,0,0,0,IN,510,329-1955
133,1,1,1,NC,408,344-3160
51,0,0,0,DE,510,406-2454
186,0,0,1,MN,415,335-3913
44,0,1,0,WI,415,355-7705
64,0,0,1,FL,408,410-7108
44,1,0,0,WV,510,419-1674
114,0,0,1,SD,415,351-7369
92,0,0,0,FL,415,349-9566
110,0,0,0,OR,408,333-3421
90,0,0,1,CO,408,393-8199
72,0,0,1,CT,408,388-4879
113,1,0,0,IN,415,353-6007
171,0,0,1,PA,415,416-1557
104,0,0,0,NM,415,356-7217
165,0,0,0,ME,408,350-2012
104,1,0,0,SD,510,420-9838
110,0,0,0,AR,408,373-6379
90,0,1,0,TX,408,355-7293
114,0,0,0,NH,415,406-4588
101,1,0,0,OK,408,345-1524
117,0,0,1,WI,408,375-8493
109,0,0,0,AL,408,361-2924
82,0,0,0,PA,408,359-6163
92,0,0,0,OK,510,411-8140
82,0,0,1,ME,510,381-9049
90,0,0,0,WV,415,344-4478
87,0,0,1,HI,408,360-2690
124,0,0,0,MN,510,410-7383
39,0,0,0,NY,408,356-1889
84,0,0,0,AZ,415,341-2360
75,0,0,1,OH,510,370-3021
102,0,0,0,MI,510,336-4656
62,1,1,0,MA,415,386-2810
143,0,0,0,WV,510,350-1354
53,0,0,0,MI,415,346-5707
30,0,0,0,NM,415,405-8370
112,1,0,0,MO,415,373-2053
129,0,0,0,RI,415,369-5222
63,0,0,1,NC,415,347-7420
28,0,0,0,WY,415,392-6856
111,0,0,0,WY,415,371-5556
91,0,0,0,PA,510,334-5337
90,0,0,0,KY,415,334-8817
151,0,0,0,OR,510,339-1405
105,1,1,1,NV,415,380-7742
41,0,0,1,DC,408,329-6191
48,0,0,1,UT,510,340-3075
166,0,1,1,WA,408,416-5849
79,0,0,0,FL,510,334-7443
153,0,0,0,VA,510,394-9121
110,1,1,0,KS,415,383-1657
163,0,0,0,KS,415,347-4112
126,0,0,0,DC,510,362-8280
105,0,0,1,ME,408,402-9982
172,0,0,0,LA,415,392-8905
126,0,0,0,DC,415,392-5512
97,0,0,0,TX,510,351-6384
95,1,1,1,NJ,408,348-8015
87,0,0,0,DE,510,374-6966
97,0,0,0,VT,415,328-2236
76,1,0,0,GA,415,372-6497
140,0,0,0,TX,408,417-8617
169,0,0,0,MT,415,361-9621
68,0,0,1,ND,408,421-2723
122,0,0,1,NJ,415,327-9341
36,0,0,0,MO,408,383-5474
120,0,0,1,CO,510,328-8147
121,0,0,0,KS,408,373-5438
64,0,0,1,NC,408,333-9253
13,0,0,1,MT,415,347-9421
106,0,0,0,DE,415,419-3167
88,0,0,0,ND,415,414-4162
74,0,0,0,VA,408,416-5341
83,0,0,0,IL,415,368-8600
49,0,0,0,OK,415,336-6085
111,0,0,1,CO,510,377-1479
50,0,0,1,MT,415,360-2107
153,0,0,1,WV,408,405-9384
88,0,0,0,ME,415,420-5179
131,0,0,1,WI,415,331-3174
79,1,0,0,MO,408,411-5958
140,0,0,0,NY,415,333-8180
105,0,0,0,CT,408,357-2679
54,0,0,1,AR,415,396-2867
87,0,0,1,WY,415,341-9443
96,0,0,1,CA,510,341-4103
79,1,0,0,CA,510,416-8701
55,0,0,0,MN,415,397-6109
130,0,0,0,AK,415,392-5587
34,0,0,0,VA,415,392-9342
139,0,0,0,CO,415,368-2845
109,1,0,0,MT,408,405-4920
65,0,0,1,SD,408,348-7484
63,0,0,0,NE,415,338-5207
152,0,0,0,VT,415,418-7846
147,0,0,0,ND,408,358-8729
112,0,0,1,GA,415,349-1943
120,0,0,0,OR,415,368-8283
27,0,0,0,MT,510,345-1419
171,0,0,0,WY,415,358-8025
101,0,0,1,GA,415,383-8695
32,0,0,1,WV,408,370-7565
3,0,0,1,CT,415,401-6162
151,0,0,0,IL,408,386-5303
60,0,0,0,CO,408,351-6552
119,0,0,0,DE,415,345-5338
43,0,0,0,LA,415,330-2849
42,0,0,0,MA,408,364-6801
84,0,0,0,IN,408,375-3003
65,0,0,0,NY,510,383-8878
75,1,1,0,TX,415,384-2372
116,0,0,0,KS,510,377-7107
107,0,0,0,WV,415,361-1581
189,0,0,1,NE,415,417-7888
123,0,0,0,ND,408,383-8364
110,0,0,0,AK,408,396-2335
63,0,0,1,CO,415,408-4530
176,0,0,0,ME,415,408-6621
108,0,0,0,SC,510,393-7522
13,0,0,1,MN,510,338-7120
71,0,0,0,CO,415,357-4265
88,0,0,0,KS,415,398-8801
137,0,0,0,MS,510,346-2347
82,0,0,0,NE,408,343-2741
92,0,0,1,NJ,510,420-8242
165,0,0,0,WI,510,402-7746
96,0,0,0,MT,415,332-1494
156,0,0,0,AR,415,388-6223
63,0,0,0,WA,408,404-9539
37,0,0,0,NH,415,341-7332
98,0,0,0,IA,415,338-7886
121,0,0,0,WV,415,332-5596
94,0,0,0,RI,415,348-9945
99,0,0,0,KS,415,407-1896
163,0,0,1,MT,510,398-9408
161,0,0,0,MO,510,369-8005
99,0,0,0,HI,415,346-2530
108,0,0,0,CO,415,400-5984
84,0,0,1,CT,510,351-1007
83,0,1,1,ID,415,345-5980
139,0,0,0,DC,510,368-8964
69,0,0,0,TN,510,358-1912
129,0,0,0,WY,510,379-3132
106,0,0,0,MO,415,340-9910
158,0,0,0,VA,415,396-2719
168,0,0,1,SD,415,369-6204
115,1,1,0,WV,510,420-9971
57,0,1,1,GA,408,410-3782
67,0,0,0,AZ,415,404-4481
127,0,0,0,AK,408,383-9255
78,0,0,0,AK,510,418-9385
100,0,0,1,CT,415,360-9676
103,1,0,1,UT,510,327-3587
113,0,0,0,KY,415,385-4715
78,0,0,0,MI,510,414-2695
129,0,0,1,OR,510,331-5999
57,0,0,0,TN,510,337-7739
82,0,0,0,WV,408,388-6658
64,0,0,0,NJ,415,405-6943
86,0,0,1,MS,510,382-4084
151,0,0,1,ME,415,352-8249
94,1,0,0,WY,510,353-8363
90,0,0,0,WY,415,416-2825
48,0,0,0,IN,510,342-6696
85,0,0,1,NM,408,338-9210
93,0,1,1,NJ,415,328-1768
169,0,1,0,DC,415,406-5870
68,1,0,0,UT,415,398-3834
91,1,1,0,KY,415,330-7754
68,0,0,0,KS,510,414-9054
101,0,0,0,MI,510,350-2832
67,0,0,1,UT,510,414-9027
66,0,0,0,NE,415,337-1225
116,0,0,1,FL,415,394-6577
158,0,0,0,LA,408,359-6995
78,0,0,0,MT,415,377-7561
119,0,0,1,WA,415,380-6631
120,0,0,0,MI,415,390-8876
155,0,0,0,KY,510,413-2201
106,0,0,0,LA,408,374-2073
87,0,1,0,NM,510,417-1272
146,0,0,1,AL,415,358-1129
101,0,0,1,MO,415,394-1211
22,0,0,1,CO,510,327-1319
90,0,0,0,TX,415,399-4413
41,0,0,0,NY,415,393-9985
69,0,0,0,OR,415,401-8377
33,0,0,0,WY,415,331-3202
112,0,0,0,UT,415,358-5953
108,0,0,1,LA,510,380-7624
136,0,0,1,NV,415,416-5261
128,0,0,0,NC,510,417-5067
27,0,0,0,NC,408,345-6515
161,0,1,0,WY,415,406-1349
33,0,0,1,TN,415,360-9038
120,0,0,1,FL,415,348-3444
113,0,0,0,CA,415,370-2892
122,1,1,0,PA,415,383-4061
148,0,0,1,WV,415,391-7937
74,0,0,0,NJ,415,389-4083
106,0,0,0,MT,415,410-9633
179,0,0,0,MN,415,418-9502
149,1,1,1,WI,415,339-6637
77,0,0,0,ID,510,356-3403
127,1,1,0,MA,408,371-9457
80,0,0,0,OR,415,391-8087
106,0,0,0,MT,510,392-6420
61,0,0,1,AL,415,399-4094
135,0,1,1,ND,510,378-4013
115,0,0,1,LA,415,386-6306
167,0,1,0,ND,408,359-3618
107,0,1,0,MS,510,340-8875
112,0,1,0,WV,415,330-2693
35,0,0,1,WI,510,403-7627
103,0,1,0,KS,408,342-3678
107,0,0,1,MO,415,344-9943
69,0,0,0,PA,415,390-5686
85,0,0,0,SD,408,358-5826
24,1,0,0,NJ,408,393-7826
90,0,0,0,AL,415,335-9786
137,0,0,0,ME,510,368-9860
92,0,1,1,AZ,415,416-9522
38,0,0,0,VT,415,416-7307
69,1,1,1,NV,510,397-6789
45,0,0,0,WI,408,335-9501
73,0,0,0,HI,408,388-1250
92,0,0,0,DE,415,386-1374
113,0,0,1,AZ,415,346-8112
68,1,1,0,VA,408,364-9040
135,0,0,1,GA,415,366-3944
100,0,0,1,AZ,415,331-9861
96,0,0,1,MN,415,330-2881
108,0,0,0,ME,510,402-9558
84,0,0,0,FL,510,341-3180
134,0,0,0,WA,408,371-8598
72,0,0,0,MT,415,398-8385
83,0,0,0,AL,408,333-4154
137,0,0,0,WV,408,330-3589
56,0,0,1,GA,415,417-1477
61,0,1,1,OH,510,327-5525
171,0,0,1,DE,510,363-8244
123,0,0,0,NE,510,419-9104
58,0,0,0,FL,510,363-1560
156,0,0,0,AK,510,341-4075
166,0,0,0,WI,510,366-9074
75,0,0,1,WA,510,367-1424
75,1,0,0,KY,415,341-1191
83,0,0,0,OH,510,342-9480
243,0,0,0,UT,510,355-9360
153,0,0,0,NM,408,343-1538
150,0,0,0,MN,415,335-2331
92,0,0,1,WV,510,335-7257
80,0,0,0,MN,415,332-2137
134,0,0,0,AL,415,352-2998
77,0,0,1,PA,510,346-6941
147,0,0,0,DE,510,400-2203
74,0,0,0,MO,415,421-2955
138,0,1,0,IL,510,331-6629
143,0,0,0,FL,415,343-6314
64,0,0,0,HI,415,414-6638
120,0,0,0,ME,510,350-5883
121,1,1,0,CO,408,409-4447
88,0,0,0,NH,415,376-4856
87,1,0,0,SC,408,335-1874
100,0,0,0,IN,510,397-6255
104,0,0,0,FL,415,381-5047
27,0,0,0,GA,510,403-6850
81,0,0,1,IL,415,375-3658
64,0,1,1,NC,510,341-2603
107,0,0,1,VT,510,342-5062
88,0,0,1,DC,415,354-1558
111,0,0,0,VT,408,351-9537
77,0,0,0,NV,415,401-1252
67,0,1,0,OR,415,366-9538
102,0,0,0,AL,408,364-7622
146,0,0,1,ND,408,393-9918
144,0,0,1,FL,415,376-4484
96,1,0,0,NE,415,410-6791
70,0,0,1,ND,415,343-2392
149,0,0,0,ME,408,408-4323
129,0,0,0,IL,415,395-1718
166,0,0,0,WA,408,354-9492
136,1,1,0,MA,408,367-8168
149,0,0,0,KS,510,340-3500
70,0,0,0,RI,415,369-4962
120,0,0,1,MO,415,334-8967
66,0,0,0,IA,510,402-2377
104,0,0,0,WY,408,366-3917
160,0,0,0,NV,415,333-3531
129,0,0,1,WI,415,333-8954
93,1,0,0,AL,408,374-9203
169,0,0,0,HI,415,334-3289
58,0,0,0,MO,415,353-7822
75,0,0,1,CA,510,350-1422
45,0,0,0,MO,408,385-8406
155,0,0,0,CT,510,380-7277
52,0,0,0,MD,415,352-1798
119,0,0,1,OH,415,385-7922
86,0,0,0,NV,510,353-7730
42,0,0,0,MD,408,337-7163
127,0,1,0,NE,510,348-5567
123,0,0,0,OH,408,420-9575
98,1,0,0,MA,510,366-3358
149,0,0,1,OK,510,359-9972
160,0,0,0,MA,408,387-3332
103,0,0,0,WA,415,354-6960
132,0,0,1,HI,415,405-3335
137,0,0,0,CO,415,379-4257
129,0,1,0,FL,415,355-4992
62,0,0,0,WI,415,383-6373
122,0,0,1,ID,510,382-7993
32,0,0,0,WY,408,422-5865
86,0,0,0,GA,510,410-9961
130,0,0,0,FL,415,343-9946
42,0,0,0,WY,408,357-7060
73,0,0,0,DE,415,355-9541
66,0,0,1,ME,408,378-4145
103,0,0,1,DC,510,386-2317
128,0,0,0,IA,408,335-8146
104,0,0,0,CO,415,377-2235
103,0,0,0,MN,415,386-9141
124,0,0,0,VT,415,416-5623
87,0,0,0,AZ,510,327-3053
109,1,0,1,LA,415,395-6195
167,0,1,0,MO,415,397-8772
97,1,0,0,ME,510,346-7656
106,0,0,0,MD,415,343-2350
125,0,0,0,VT,415,372-4722
108,0,0,1,DC,408,399-8615
125,0,0,0,WY,415,379-8248
89,0,0,1,VA,415,414-6219
72,0,1,1,VA,510,387-1343
23,1,0,0,CT,510,370-5527
149,0,0,0,HI,510,393-8736
73,0,0,0,WI,415,402-7626
61,1,0,0,MD,415,370-2688
161,1,0,0,WV,415,418-9036
73,0,0,0,VT,408,417-2035
118,0,0,1,UT,415,355-3602
23,0,0,0,CO,408,393-4027
127,0,0,1,NC,415,418-5141
42,0,0,1,NJ,415,406-1247
118,1,0,0,AR,415,402-3892
45,0,0,0,IA,510,332-2965
50,0,0,1,GA,408,377-1218
179,1,0,0,MO,510,355-2464
152,0,0,0,MO,408,404-4611
105,0,0,0,WY,415,373-2339
72,0,0,0,HI,415,410-3503
52,0,0,0,PA,408,410-4739
125,0,0,0,TX,415,365-3562
143,0,0,0,VA,510,387-7641
65,0,0,0,RI,415,385-9744
80,0,0,0,WI,415,398-5006
1,0,0,0,MS,415,408-3977
60,0,0,0,KY,408,334-2729
43,0,0,0,NC,415,334-7685
143,0,0,0,NV,415,350-9228
81,0,0,1,UT,415,407-5774
205,0,0,1,ME,510,413-4039
24,0,0,0,HI,415,343-2077
74,0,0,0,OH,415,336-5661
77,0,0,0,WV,510,355-4143
74,0,0,0,OK,415,366-5918
74,1,1,0,KY,510,368-7555
200,0,0,0,AL,408,408-2119
86,0,0,0,MD,408,329-2789
91,0,0,1,NE,510,334-1508
76,0,0,0,DC,415,337-1506
130,0,0,0,TX,415,396-8400
56,0,0,0,OH,408,349-2654
117,0,0,0,DE,415,417-2716
63,0,0,0,IA,510,402-1725
126,0,0,0,VT,415,403-3229
132,0,0,0,OR,510,353-6056
81,1,0,1,NV,415,399-9802
122,0,0,0,NC,415,366-7069
46,1,0,0,NJ,408,332-5949
150,0,0,1,MN,415,393-6376
99,0,0,0,ID,408,354-7025
87,0,0,0,AL,408,351-6585
108,0,0,0,AK,415,330-5462
101,0,0,0,VT,415,407-2292
53,0,0,0,PA,415,340-3011
132,0,0,1,AK,415,345-9153
158,0,0,0,CA,510,379-5503
114,0,0,1,MS,415,389-6790
77,0,0,1,AR,415,408-3610
144,0,1,0,NV,415,375-8238
91,0,0,1,AL,510,378-5633
58,0,0,0,GA,408,389-9120
5,0,0,0,AR,415,380-2758
97,0,0,0,MA,408,402-2728
107,0,0,0,NJ,415,354-9062
142,0,0,1,MO,415,417-2054
9,0,0,1,NY,408,353-1941
73,0,0,0,AZ,415,328-1522
48,1,0,1,NJ,510,408-4529
43,0,0,0,WV,408,417-5320
122,1,0,1,NM,408,370-9755
93,0,0,0,SC,415,372-4835
85,0,0,0,VT,415,334-6605
59,0,0,0,TN,415,399-5564
87,0,0,0,LA,415,392-2887
137,0,0,0,OH,408,328-2110
21,0,0,1,OR,510,383-5976
129,1,0,0,DE,510,332-6181
104,0,0,0,KY,415,330-5255
93,1,0,1,GA,408,413-5190
63,1,0,0,VT,415,394-7447
161,0,0,0,OR,415,353-7096
50,0,0,0,TX,510,395-6002
103,0,0,1,MO,408,372-9816
84,0,0,1,ND,415,400-7253
92,0,0,0,MN,510,344-7470
77,0,0,0,NV,415,378-8572
64,1,1,0,NY,415,345-9140
159,0,0,1,FL,415,340-5460
110,1,1,1,KS,415,369-8024
138,0,0,0,NV,510,395-8595
178,0,0,0,NV,408,359-4587
38,0,0,1,SC,415,375-5439
50,0,0,1,MI,415,361-3779
45,0,0,1,MI,510,375-8934
70,0,0,0,TN,510,395-4757
147,0,0,1,NY,510,421-7205
94,0,0,0,NV,510,379-8805
179,0,0,0,IL,510,348-2150
116,0,0,0,MS,415,417-9128
59,0,0,0,ND,510,351-4226
165,0,0,0,NC,415,330-6630
133,1,0,0,MI,408,387-9137
140,0,0,0,TN,415,372-3987
93,0,0,1,VT,408,408-5183
52,0,0,1,OK,510,412-9357
64,0,0,1,DE,415,402-3599
12,0,1,0,ND,510,379-5211
48,0,0,0,OR,415,405-9217
181,0,0,0,NY,408,340-9200
168,0,0,1,MO,415,339-9026
155,0,0,0,FL,415,343-4772
105,0,0,0,ND,510,345-2108
11,0,0,0,NY,415,401-4650
182,0,0,0,ND,415,400-3945
104,0,0,0,NY,415,338-3781
102,0,0,0,OH,415,342-6316
122,0,0,0,AL,415,336-5920
41,0,0,0,SC,415,332-1060
132,0,0,0,GA,415,418-3426
76,1,0,0,WY,415,408-6326
13,0,0,0,WV,415,334-6142
115,0,0,1,HI,415,336-6128
67,0,0,0,WV,408,406-6708
154,0,0,0,LA,510,388-8670
100,0,0,0,AR,510,363-5853
146,0,1,0,AK,510,383-6544
148,0,0,1,DC,415,378-2940
67,0,0,1,AL,415,338-7683
161,1,1,0,UT,510,329-2786
70,0,0,0,KS,415,369-9465
116,0,0,0,MN,510,337-3769
99,1,0,1,VA,415,400-6257
87,0,0,0,UT,415,411-6663
87,0,0,0,IN,510,384-3101
70,0,0,0,CT,408,339-5329
131,0,0,0,DE,408,388-9944
119,0,0,0,VT,510,403-1769
119,0,0,1,MO,408,390-1612
87,0,1,0,RI,510,421-7214
112,1,0,0,CA,415,338-6962
75,0,0,0,RI,415,333-9826
150,0,0,0,CT,510,411-8549
161,0,0,1,IN,510,381-9234
91,0,1,1,FL,510,387-9855
124,0,0,0,KS,415,371-6990
94,0,1,0,NY,510,417-3046
217,0,0,0,TX,408,385-7082
158,0,0,0,RI,510,365-5886
102,0,0,0,NV,415,373-5196
85,0,0,0,UT,510,327-6194
79,0,0,0,OK,510,381-4565
139,0,0,1,MN,510,357-9832
103,0,0,0,NC,415,396-4845
98,0,1,0,OR,415,378-6772
78,0,0,0,NH,408,353-4296
50,0,0,0,AK,408,362-8331
161,0,0,0,OR,415,362-4685
67,0,0,0,KS,408,383-1431
86,0,0,1,WV,415,332-2258
92,0,0,0,GA,510,375-8304
174,0,0,0,NM,415,340-5580
124,0,0,0,OH,510,362-1490
132,0,0,1,ND,415,336-4281
190,0,0,1,RI,415,361-1315
101,0,0,0,HI,510,342-5906
185,0,1,1,WY,415,405-7904
68,0,0,1,NY,415,349-4762
117,0,0,1,KS,510,385-3263
118,0,0,0,LA,408,405-9496
124,0,0,0,PA,415,396-6775
22,0,0,0,NV,510,393-6475
75,0,0,0,MN,415,379-7779
134,0,0,0,PA,408,408-8650
164,0,0,1,MO,408,400-3497
44,0,0,0,NY,510,407-9244
177,0,0,0,ME,415,406-8809
110,0,0,0,NH,408,358-1778
53,0,0,1,WY,415,337-4339
108,1,0,0,NY,415,344-7197
80,1,0,0,ME,408,333-7631
158,0,0,0,MN,408,372-6623
114,0,0,0,OH,415,363-2602
64,0,0,1,NC,408,387-7757
88,0,0,0,SD,415,397-5381
82,0,1,0,UT,510,406-4604
111,0,0,0,KY,415,376-9513
60,0,0,0,MT,408,360-1852
113,0,0,0,NJ,408,421-7270
109,0,0,0,FL,408,371-9482
105,0,0,1,IN,510,337-4101
85,0,0,0,DE,510,420-2796
131,0,0,0,AL,510,366-4225
59,0,0,0,ME,510,398-4567
148,0,0,0,SD,408,388-4571
210,0,0,0,VA,408,360-8666
115,0,0,0,AK,415,333-3704
106,0,0,0,ID,510,383-2566
93,0,0,0,RI,415,406-5584
57,0,0,1,KY,415,344-4691
98,0,0,0,ND,510,347-9737
157,0,0,0,HI,415,333-7961
116,0,0,1,WI,415,364-2439
30,0,0,0,WV,510,411-8043
111,1,0,0,NJ,510,332-5084
52,0,0,0,KS,415,413-4831
72,0,0,0,AL,415,343-4806
135,1,0,1,NJ,510,401-8735
86,0,0,0,NC,510,391-8626
98,0,0,1,DE,415,327-5817
151,0,0,0,WY,510,381-4712
118,0,0,0,ID,415,335-3320
117,0,0,0,NY,415,415-8780
55,0,0,0,MO,510,362-1146
82,0,0,0,ID,408,352-7413
152,0,0,0,IA,415,387-6716
108,0,0,1,TN,408,352-1127
98,1,0,0,OH,408,368-1288
130,0,0,0,IL,415,403-5279
136,0,1,0,FL,408,397-9333
47,0,0,0,MA,415,411-7353
189,0,0,0,OK,415,383-2537
107,0,0,0,KY,415,330-4419
91,1,0,0,MI,415,390-7930
159,1,0,0,NE,415,362-5111
11,0,0,1,VA,408,358-6796
167,0,0,0,NY,415,409-7494
111,0,0,0,MT,408,400-1636
99,0,0,1,VT,408,389-2747
159,0,0,1,KS,415,415-2176
114,0,1,1,VA,415,377-8067
71,0,0,0,AL,415,362-7835
122,0,0,0,PA,415,361-5225
100,0,0,1,AL,408,333-3447
83,0,0,1,WV,415,341-3044
64,1,0,0,NV,408,350-7306
105,0,0,0,TN,408,353-8849
144,0,0,1,ID,415,402-3476
106,1,1,1,WY,415,338-6018
19,0,0,1,TX,510,409-3520
46,0,0,0,MA,408,357-1085
127,0,0,0,IL,510,353-3285
9,0,0,1,LA,415,409-9885
157,0,0,0,CO,415,388-7701
105,1,0,0,UT,415,385-8184
105,0,0,1,MI,415,345-2863
155,0,0,0,NH,408,353-6300
31,0,0,0,ID,415,389-5649
161,0,0,0,WA,415,378-8137
95,0,0,1,MN,408,340-4627
122,0,0,0,NY,415,352-6833
37,0,1,0,MD,415,420-2000
132,1,0,0,GA,415,368-5437
119,0,0,1,HI,408,418-8170
16,0,0,0,AL,408,403-9417
99,0,0,0,CT,408,330-6165
76,0,0,1,CO,408,412-4185
167,1,0,0,KS,415,409-4734
129,0,0,0,NJ,415,348-9828
116,0,0,0,FL,408,418-8850
60,0,1,0,CA,415,330-8351
128,0,0,0,KS,415,347-7773
47,0,0,1,TX,408,392-6841
40,0,1,0,MN,510,354-2189
173,0,0,0,AK,510,349-9060
157,0,0,1,OR,510,334-1311
66,0,0,1,MS,408,415-3120
50,0,1,1,VT,415,387-5891
72,0,0,0,UT,415,368-8026
130,0,0,0,KS,510,332-9446
143,0,0,0,NV,408,393-5284
89,0,1,0,DE,510,376-1677
108,0,0,0,IN,415,392-2268
32,0,0,0,TX,408,396-4311
166,0,0,0,MA,415,363-4005
109,0,0,0,VT,408,344-9966
72,0,0,1,CA,408,337-7377
134,0,0,1,IA,415,373-7037
13,0,0,0,NH,415,356-7580
90,0,0,0,GA,415,390-3401
111,0,0,1,WI,415,350-9313
101,0,0,1,CO,408,420-9009
72,0,0,0,SC,415,415-2641
67,0,0,1,MI,510,392-4929
172,1,0,0,MD,408,346-5068
154,0,0,1,IN,510,389-2631
69,0,0,0,ME,510,368-3808
123,0,0,0,DC,415,406-8599
130,0,0,1,TN,415,386-7456
142,0,0,1,FL,415,357-4936
29,0,0,0,WA,415,397-7411
87,0,0,1,HI,408,353-6218
149,0,0,0,NE,415,369-5942
146,0,1,0,TN,408,416-8543
88,1,1,0,MD,415,358-4576
119,1,1,1,NM,415,352-5118
48,0,0,0,VT,510,408-2621
135,0,0,0,OR,415,353-3994
100,0,0,0,IN,510,367-4277
98,0,0,0,MO,415,354-3237
75,0,0,1,FL,510,394-8504
180,0,0,1,DC,415,370-4139
100,0,0,1,VT,415,382-6135
119,0,0,1,OH,415,359-5718
86,0,0,0,MO,415,385-3111
155,0,0,1,LA,408,353-4880
78,1,1,0,IL,415,343-7019
153,0,0,0,NJ,415,419-6133
92,0,0,1,IA,510,350-7344
13,0,0,1,WA,510,397-6064
154,0,0,0,NE,415,363-6896
144,0,1,1,CT,510,416-9021
48,0,0,0,WV,408,408-3269
94,0,0,0,ND,408,408-9463
139,0,0,0,UT,415,340-7062
126,0,0,0,MS,415,417-4309
122,0,0,0,MN,415,421-2659
139,0,0,0,NH,510,383-2017
95,0,0,0,LA,415,411-6294
80,0,0,1,ME,408,332-9525
131,0,0,1,KS,415,401-5012
36,0,0,0,KS,510,368-8835
180,0,0,0,NV,510,351-1382
25,0,0,0,MT,415,359-7694
113,0,0,0,MT,415,419-5505
88,0,0,1,ID,415,341-4570
120,0,0,0,AK,415,366-6991
74,0,0,0,UT,415,377-7399
109,0,0,0,AR,510,377-9092
162,0,0,1,LA,510,373-6681
124,0,0,1,KS,510,417-7736
177,0,0,0,OR,408,393-2812
91,0,0,0,WI,510,398-3176
105,1,0,0,CO,408,334-8694
24,1,0,0,KS,510,369-5449
48,0,0,0,IL,510,380-5246
86,0,0,0,IA,408,390-3873
163,0,0,0,AZ,510,354-4568
91,0,0,0,NE,510,339-6968
56,0,0,0,ID,510,379-5933
147,0,1,1,OH,415,365-5682
64,0,0,0,TX,415,382-8518
108,1,0,1,TN,510,356-8449
159,0,0,0,OK,510,333-3460
136,0,1,0,ND,510,375-8596
116,0,0,1,MT,415,384-5907
45,0,0,1,NC,408,373-2903
122,0,0,0,MN,415,361-7702
138,0,0,0,MN,415,388-5850
132,0,0,0,MA,415,405-6298
101,0,1,0,PA,415,368-2074
58,0,0,0,GA,510,328-5050
81,0,0,0,NV,415,395-5783
87,0,0,0,TX,415,420-7301
116,0,0,0,ME,510,328-2478
85,0,1,0,RI,415,381-2460
62,1,0,1,MN,510,390-9811
90,0,0,0,NH,415,373-5670
98,0,0,0,TN,415,351-7016
73,0,0,0,UT,415,394-9934
107,0,1,0,RI,510,422-8268
55,0,0,1,NH,408,373-7690
76,0,0,1,AK,415,366-9781
30,0,0,0,NC,510,404-5427
157,0,0,0,AZ,415,389-9783
40,1,0,1,MA,408,351-7005
72,0,0,0,TN,408,348-2009
95,0,0,1,WY,415,340-4236
42,0,0,0,IA,415,348-1528
86,0,0,0,IN,415,365-5039
131,0,0,0,NJ,415,411-1810
55,1,0,1,FL,510,364-7644
74,0,0,0,MT,415,335-9066
81,0,1,1,ND,408,362-7581
81,0,0,0,MI,408,346-1095
28,1,0,0,MT,415,357-9136
111,0,0,0,AL,510,390-7863
3,0,0,1,NV,510,344-2416
51,1,0,0,MI,415,373-1448
68,0,0,1,FL,415,360-7076
163,1,0,0,NY,408,413-2241
87,0,0,0,KS,510,343-3961
58,1,0,0,NC,510,375-4107
109,0,0,0,MN,408,414-7410
111,0,0,0,RI,415,351-2535
144,0,0,0,UT,415,416-9615
135,1,0,0,OR,415,377-1293
109,0,0,1,SC,415,388-6479
107,0,0,1,IL,415,390-2755
149,0,0,0,OH,408,340-5930
56,0,0,0,MA,510,401-3622
129,0,0,0,OR,408,382-1104
92,0,0,0,CA,408,355-9324
67,0,0,1,WV,415,393-4843
120,0,0,0,VT,415,401-4052
166,0,0,0,ID,415,385-1830
66,0,0,0,OR,408,348-7409
76,0,0,0,GA,408,361-4910
79,0,0,0,ME,415,415-6578
98,0,0,1,HI,415,395-5015
141,0,0,1,AZ,510,369-6012
49,1,0,0,UT,415,394-4520
46,0,0,0,IA,510,380-5873
137,0,0,0,CT,415,372-5384
171,1,0,0,WA,408,419-1863
10,0,0,0,VA,415,352-5697
88,0,0,0,CO,510,373-4274
89,0,0,0,LA,415,382-4024
82,1,0,0,TX,415,395-9215
139,0,0,0,SD,510,331-9149
87,0,0,0,VA,415,347-3958
137,0,1,0,NY,415,389-2540
45,1,0,0,WA,510,399-3083
90,0,0,0,WI,415,420-8308
103,0,0,0,TN,415,384-7724
100,0,0,0,CT,415,389-2114
110,0,0,0,WA,510,335-4414
124,0,0,0,NH,415,370-5361
10,0,0,0,MT,510,374-5965
89,0,0,1,NE,415,420-6414
121,0,0,0,WA,408,392-2708
101,0,0,0,WI,415,352-7234
103,0,0,1,AR,415,337-9878
51,0,0,0,WI,408,350-7288
2,1,1,0,DE,415,415-8448
111,0,0,0,NH,510,392-6331
118,0,0,0,VA,415,392-3315
17,1,0,1,TN,510,382-5401
130,0,0,0,VA,408,389-7012
193,1,0,0,ID,415,411-4714
114,0,0,0,TN,510,343-3846
137,0,0,0,AZ,415,370-4395
185,0,0,1,MT,408,422-4394
101,0,0,0,OK,408,405-1780
95,0,0,1,ID,415,393-2220
7,0,0,1,NV,408,355-8299
126,1,0,0,KS,408,379-8681
71,0,0,0,WY,415,409-7034
124,0,0,0,MS,415,358-1922
97,1,1,0,WY,510,346-1629
28,0,0,0,TX,415,347-1870
90,1,1,0,WA,415,374-9576
190,0,0,0,HI,408,380-1096
31,0,0,1,IL,415,396-5790
52,0,0,1,AK,415,356-5244
73,0,0,0,MD,510,341-1412
111,1,0,0,MA,415,387-7371
98,1,0,0,SD,415,392-2555
106,1,1,0,PA,408,403-9167
111,0,0,0,NC,408,338-6550
59,0,0,0,VT,408,357-5801
71,0,0,1,KY,510,403-1953
55,1,0,0,WA,408,357-6039
13,0,0,0,LA,415,388-9653
136,0,0,1,WA,415,359-2915
123,0,0,0,ME,408,381-4562
105,0,0,0,WI,408,406-2213
50,0,0,1,TX,408,330-6436
118,0,0,0,IA,415,332-4289
97,0,0,0,AZ,408,386-3596
51,0,0,0,ND,510,337-3740
73,1,0,0,VT,415,414-1496
35,0,0,0,HI,415,349-7291
64,0,0,0,WY,415,385-1985
63,0,0,0,WV,510,329-7102
117,0,0,1,OK,415,394-2553
115,1,0,0,CT,415,339-1330
162,0,0,0,UT,408,398-1959
89,0,0,0,NY,415,408-7015
94,0,1,0,VA,415,384-9254
129,0,0,0,VT,408,355-9475
86,0,0,0,SD,415,334-1337
96,0,0,0,PA,510,359-1441
190,0,0,0,ND,415,391-5442
80,0,0,0,CT,408,374-1551
108,1,0,0,SC,415,399-6233
97,0,0,1,MI,408,337-4749
84,0,0,1,VT,415,403-5552
65,1,0,0,OH,415,405-3097
131,0,0,1,VT,415,364-9240
58,0,1,1,IL,415,404-9348
36,0,0,0,MO,415,336-1462
54,0,0,0,WI,415,364-8981
45,0,0,0,NJ,510,412-7606
125,0,0,1,GA,415,380-6342
72,0,0,1,VT,415,418-3017
141,0,0,0,CT,408,367-3648
113,0,0,0,AZ,510,341-5892
20,0,0,1,SD,415,334-4678
212,0,0,0,CT,415,366-6751
99,0,1,0,IN,415,397-8512
94,0,0,0,OH,510,367-9495
40,0,0,0,NY,510,379-2991
86,0,0,1,NE,510,356-4832
101,1,0,0,OK,415,413-4040
170,0,0,0,NC,415,366-4444
105,0,0,0,HI,510,394-3806
103,0,0,0,UT,415,368-5647
140,0,1,1,MD,415,412-1076
101,0,0,0,VT,510,413-7655
98,0,0,1,TX,408,371-2316
104,0,0,0,AZ,408,420-3346
115,0,0,0,VA,415,367-3971
112,0,0,0,WI,408,417-5813
70,0,0,0,NE,415,421-8535
126,0,0,0,KY,510,375-1721
87,0,0,1,NV,510,331-8484
125,1,0,0,MT,510,366-5829
86,0,0,0,MO,415,367-7906
73,1,0,1,MS,415,412-2520
232,0,0,0,NM,408,386-9177
1,0,0,1,NJ,415,420-6780
133,0,0,0,NH,408,401-1454
103,0,0,0,NC,510,379-2508
131,0,0,1,MT,415,353-3492
95,0,0,1,SD,408,406-4840
182,0,0,0,VA,415,391-7982
99,0,0,0,LA,510,379-9821
27,0,0,0,NV,510,398-7414
141,0,0,0,AK,408,338-8566
29,0,1,1,OH,415,397-3058
65,0,0,0,NM,415,389-8096
81,1,1,0,MI,415,393-6840
37,0,0,1,MN,415,360-7404
107,0,0,1,WY,510,411-5740
127,0,1,1,WY,415,412-3726
78,0,0,0,WA,408,372-7326
55,0,0,0,NM,510,338-9873
86,0,0,1,VA,415,383-4322
176,0,0,0,RI,415,401-7654
96,0,1,0,AL,415,410-5455
11,0,0,1,WV,510,419-4310
48,0,0,1,WV,415,367-2056
127,0,0,0,NJ,510,363-6695
63,0,0,0,TN,415,374-6217
79,0,0,0,MI,510,337-9569
47,0,0,1,UT,408,350-9720
89,1,1,1,IL,415,380-4080
83,0,0,1,MI,510,333-7460
126,0,1,1,WI,415,378-3722
60,0,0,0,ND,510,353-9339
122,0,0,0,VT,415,386-6535
136,0,0,0,WA,408,403-5575
172,0,0,1,NC,408,331-5962
102,1,0,0,ME,510,390-9627
113,0,1,0,SD,415,406-4560
79,0,0,0,WV,415,359-6931
55,0,0,1,ID,510,331-7342
111,0,0,1,LA,415,367-2227
160,0,0,0,GA,415,335-8836
110,0,0,0,FL,415,398-6703
192,0,0,0,CO,415,370-8379
93,0,0,0,NV,408,335-3880
101,0,0,1,IN,415,375-8761
77,0,0,0,VA,510,367-1398
105,0,0,1,UT,415,395-7857
133,1,0,1,UT,408,398-8745
131,0,0,0,MO,408,386-3717
106,0,0,1,CT,510,330-1175
118,0,0,0,HI,415,418-6752
125,0,0,0,MD,408,349-6464
95,0,0,0,VA,415,366-7331
80,0,0,0,MT,415,361-8288
145,0,0,0,SC,408,377-6635
37,0,0,0,CO,408,408-1513
87,0,0,0,ID,415,370-7546
69,0,0,0,AL,415,389-4278
83,0,0,0,CO,510,379-3012
195,0,0,0,UT,415,355-3620
67,1,1,1,DE,415,413-7743
75,0,0,1,OH,510,372-2296
123,0,0,1,RI,415,333-9728
41,0,0,1,FL,415,415-6110
75,0,0,0,OH,415,340-9803
76,1,1,0,MD,415,400-7002
86,0,1,0,IL,415,395-7435
140,0,0,0,PA,408,336-7143
70,0,0,0,AZ,415,352-2175
121,0,0,1,NH,510,346-6352
112,0,0,0,RI,415,405-7467
118,0,0,0,HI,415,379-8526
66,0,0,1,NJ,415,410-5713
78,0,0,0,WI,408,408-5916
129,0,0,1,MD,415,370-5626
6,0,0,0,OR,408,408-1331
107,0,1,0,NV,510,419-9688
107,1,1,0,AR,415,343-5219
138,0,0,0,MT,415,401-5586
103,0,0,0,CT,510,377-9178
116,0,0,1,UT,415,345-5639
189,0,0,0,GA,408,336-3488
161,0,0,0,NV,415,414-6426
1,0,0,0,TN,415,335-5591
89,0,0,0,DE,408,421-9144
64,0,0,0,NY,408,422-7728
126,1,0,1,MT,415,344-3466
129,0,0,0,IA,415,398-7978
128,0,0,1,VT,510,346-8368
81,0,0,1,LA,415,392-2722
114,0,0,0,MT,510,393-3274
50,0,0,0,NH,408,339-4636
86,0,0,0,WV,415,349-7138
96,0,0,0,ID,408,363-3295
72,0,0,0,AZ,510,407-9830
64,0,0,1,SC,510,333-8822
57,0,1,1,WV,415,419-6418
65,0,0,0,OH,510,351-8955
163,0,0,0,MD,408,338-1840
136,0,0,0,MD,415,336-6997
116,0,0,0,MN,408,408-6266
93,0,0,0,NE,408,332-4291
142,0,0,1,MN,510,355-7895
92,0,0,0,NY,408,348-2916
70,0,0,0,HI,415,339-8132
22,0,0,1,MO,408,374-1684
37,0,0,0,NV,415,362-7604
51,0,0,0,MA,415,389-3206
174,0,0,0,NH,408,336-2829
68,1,0,0,UT,415,403-8916
130,0,0,0,FL,415,384-1135
104,0,0,0,WA,415,390-2320
134,0,0,0,CT,408,398-8578
108,0,0,1,KY,415,393-9424
103,0,0,0,NM,415,417-6330
62,0,0,0,ND,510,340-6339
162,0,0,0,NV,415,380-6571
93,0,0,1,CA,510,368-6488
42,0,0,0,ID,415,363-2193
155,0,0,1,OK,415,328-1206
36,0,0,0,IA,510,385-3540
143,1,0,0,OH,415,337-7167
197,0,0,0,NJ,510,372-8405
81,1,0,0,IA,510,377-1273
138,1,1,0,DE,510,380-7816
103,1,0,1,CA,415,402-6744
127,1,1,0,WY,510,400-2181
136,1,0,0,OR,510,366-1613
99,0,0,0,ME,415,347-8205
95,0,0,0,AR,415,328-2982
118,1,1,1,ME,408,384-8723
113,1,0,0,WV,415,341-7686
128,0,1,0,PA,408,353-6038
117,0,0,0,HI,408,416-8827
48,0,0,1,MT,415,418-8450
81,0,1,0,DC,510,385-7861
57,0,0,0,AR,510,393-3507
140,0,0,0,MS,408,372-5262
107,0,0,1,OH,510,411-3095
56,0,0,0,MO,415,331-5919
159,0,0,0,TX,415,402-1556
102,0,0,0,MD,415,349-7362
107,0,0,0,CT,408,339-2734
106,0,0,0,SC,408,330-4914
225,1,0,0,MI,415,371-2500
75,0,0,0,SD,408,335-3681
86,0,0,0,CO,415,405-1132
169,0,0,0,ID,415,399-9239
122,0,0,1,AZ,510,350-7227
106,0,0,0,FL,408,384-6654
52,0,0,1,MN,415,376-4271
79,0,0,1,DE,415,391-8124
135,0,0,0,MI,415,393-2524
70,0,0,0,MS,408,384-4385
80,0,0,0,MA,408,377-8266
37,0,0,0,CA,415,345-1243
161,0,0,1,MN,415,394-8086
137,0,0,0,VT,510,348-9145
123,0,0,0,CT,415,376-5201
80,0,0,1,WV,415,356-2093
94,0,0,0,WV,415,353-2080
105,0,0,1,NE,415,397-7500
73,0,0,1,NC,415,414-5786
112,0,0,0,NE,415,388-4282
179,0,0,0,IL,408,415-5132
57,0,0,0,MA,510,352-4541
127,0,0,1,AZ,415,373-5928
122,0,1,1,SD,415,406-7737
33,0,0,1,MT,510,332-7607
94,0,0,0,VT,408,359-7788
100,0,0,0,UT,408,384-1549
106,0,0,0,HI,415,352-8508
148,0,0,1,DC,415,404-1002
120,0,0,1,WI,415,414-2905
91,0,0,1,UT,415,380-9849
86,0,0,0,WA,510,387-6498
78,0,0,1,SD,415,360-6024
94,0,0,0,MT,510,352-5815
85,1,0,0,NJ,415,366-2273
89,0,0,0,CT,415,414-9119
128,0,0,0,VA,415,409-8796
115,0,1,0,NC,415,337-2442
76,0,0,0,AK,415,404-1931
75,0,0,1,MD,415,367-9765
90,0,0,1,IL,415,378-7299
30,0,0,0,CT,408,410-5192
105,1,1,0,KS,415,405-1108
102,0,0,1,MA,415,392-1734
83,0,0,0,NJ,415,395-6030
63,0,0,1,AR,510,330-5168
155,0,0,0,MS,408,334-3142
82,0,0,1,ND,415,362-9983
87,0,0,0,IN,510,414-2606
115,0,0,1,MI,415,402-4501
99,1,1,0,AR,510,387-2604
121,0,1,1,VT,415,400-3343
54,0,0,1,WV,510,353-2450
105,0,0,0,ME,408,406-2032
73,0,0,0,IA,415,409-4462
95,0,0,0,CT,415,392-5941
21,0,0,1,NM,415,334-9182
163,0,0,1,OR,408,346-3445
57,0,0,0,VT,415,368-9507
104,0,1,0,RI,408,382-3966
83,0,0,1,RI,415,334-5844
141,0,0,0,NM,415,362-9411
95,0,0,0,AL,415,390-3565
184,1,0,0,MT,415,417-4810
74,0,0,0,CT,408,384-3389
67,0,0,0,TN,415,414-9717
104,0,1,0,ID,415,357-1700
71,0,0,1,TX,415,376-7207
149,1,0,0,NH,415,368-7706
154,0,0,1,ND,408,346-4216
138,0,0,1,SC,510,370-9533
117,0,0,0,KS,415,372-1493
130,0,0,0,ME,408,387-6031
73,0,0,0,RI,415,366-6248
100,0,0,1,WI,510,369-3756
149,0,0,0,NC,510,363-1719
29,0,0,0,OH,408,402-6666
131,0,0,0,WY,510,408-9779
153,0,0,0,NJ,510,407-2441
84,0,0,0,ND,510,384-5027
133,0,0,0,WI,510,380-3161
112,0,0,0,KY,415,360-8135
87,0,0,0,NY,415,399-5426
72,0,0,0,MO,415,385-2564
66,1,0,0,AZ,510,337-8618
65,0,0,1,MN,510,354-8491
74,0,0,0,CO,415,394-6278
116,1,0,0,MD,408,405-2276
68,0,0,0,AR,510,376-1000
68,0,0,0,TN,415,397-1659
54,0,1,0,DE,415,379-3953
99,0,0,0,TN,408,418-6512
107,0,0,0,WI,408,392-5296
124,0,0,0,WV,510,355-3814
95,0,0,1,CT,415,375-2098
173,1,0,0,MN,510,372-7990
110,0,0,0,MO,408,356-4558
102,0,0,0,VA,510,398-5788
130,0,0,0,NH,408,390-4003
91,0,0,1,OK,408,332-8103
64,1,1,0,CT,415,406-9926
176,0,0,1,TN,415,418-2402
93,1,1,0,MD,510,384-3299
84,0,0,1,WI,510,378-9090
138,0,0,0,SD,510,350-6473
101,0,0,1,ND,415,379-4583
136,0,0,0,VA,408,411-5078
111,0,0,0,UT,510,347-4982
132,0,0,1,MA,408,341-9274
128,0,0,0,SD,415,353-7461
92,0,0,1,AL,408,371-7366
197,1,1,0,AL,415,395-7923
191,0,0,0,WV,408,351-8398
99,0,0,1,SC,415,329-2204
106,0,0,1,FL,415,407-7507
88,0,0,0,KY,415,405-8075
78,0,0,0,UT,415,390-9698
98,0,0,0,NY,408,403-4917
17,0,0,1,MS,408,391-6709
56,0,0,1,NH,415,389-5988
84,0,0,0,VA,415,372-1534
95,0,0,0,VT,510,395-6369
16,0,0,0,WY,415,400-3197
76,1,1,0,NV,510,377-4169
93,0,0,0,WV,415,384-5343
83,0,0,0,WA,408,338-4472
123,0,0,0,KS,415,332-2126
64,0,0,0,VT,408,349-2157
82,1,0,0,OK,510,393-4823
107,0,0,0,GA,510,385-2683
110,0,0,0,CO,510,345-8350
96,0,0,1,AK,408,334-4506
47,0,0,1,TN,415,332-3544
115,0,0,0,KY,510,380-5102
69,0,0,0,PA,415,395-6149
163,0,0,1,CT,408,398-8122
90,0,0,0,CT,415,334-4438
98,0,0,0,MN,415,384-7459
90,0,0,1,WY,408,368-3931
174,0,0,1,PA,415,353-1352
95,1,0,0,OR,415,348-5725
79,1,0,0,PA,415,365-2008
123,0,0,1,OK,415,393-3635
99,1,0,0,VT,415,380-8727
114,0,0,0,ID,415,381-2376
141,0,0,0,PA,510,365-8114
132,0,0,0,NM,408,415-5008
133,0,0,0,FL,510,392-8318
133,0,0,0,TX,408,401-4007
93,0,0,1,VT,510,338-7709
34,1,0,0,MA,415,374-1981
140,1,0,0,OR,415,333-5101
96,0,0,1,DE,415,345-3734
144,1,0,0,FL,510,384-5004
24,0,0,1,ID,408,341-9396
54,0,0,0,MD,415,408-6302
50,1,0,0,WV,408,348-7193
92,0,0,1,ID,415,417-4063
96,0,0,0,NV,408,375-6911
146,0,0,0,OH,415,358-3604
138,0,1,1,ID,415,339-7485
102,0,0,0,SC,408,368-3078
76,1,0,0,MO,510,418-7055
99,0,0,0,NE,415,386-9981
83,0,0,1,NC,510,366-2541
36,0,0,1,ME,510,335-3110
70,0,0,0,MI,510,400-7809
109,1,1,0,AZ,415,404-3106
100,0,0,0,AZ,415,333-2337
104,0,0,0,HI,408,353-6482
106,0,0,0,NJ,415,397-8162
84,0,0,0,MS,510,380-6722
80,0,0,0,MA,510,329-2918
100,0,0,0,SC,510,348-8022
99,0,0,0,MN,408,388-4459
50,0,0,0,WV,510,358-3114
105,0,0,0,MS,415,343-9654
113,0,0,1,VA,415,401-9909
111,0,0,1,MS,415,404-9978
161,0,0,0,NM,408,397-8011
70,1,0,0,TX,415,341-8719
97,0,0,1,HI,415,408-1242
130,0,0,0,WA,510,406-7726
92,0,0,0,WI,415,351-2773
119,0,0,0,CO,408,368-6174
115,1,0,0,NV,415,334-5029
134,0,0,0,RI,415,413-1789
127,0,0,1,VA,408,414-1246
80,1,0,0,NJ,415,330-4978
153,0,0,1,ND,415,386-1631
85,0,0,0,MN,415,363-1208
79,0,0,0,HI,415,334-5263
35,0,0,0,ND,415,361-4137
120,0,0,1,WI,408,374-8187
68,0,0,0,MN,510,370-1525
60,1,0,0,DC,408,355-3801
120,0,0,0,KS,510,392-5605
71,0,0,1,MT,510,363-1366
124,0,0,0,WV,415,358-5274
23,1,0,0,ME,510,376-9607
225,0,0,0,WY,415,374-1213
181,1,1,0,NY,415,421-8537
63,0,0,0,VT,415,351-5576
54,1,1,0,NC,415,407-7258
80,0,1,1,MO,408,405-4420
118,0,1,1,NC,408,340-2855
42,0,1,0,NJ,408,342-8002
134,0,0,0,OH,408,355-6826
66,0,0,1,TX,415,402-3886
66,0,0,0,WA,415,336-5900
127,0,0,1,TN,415,339-7684
146,0,0,0,HI,510,390-2433
93,0,0,1,WY,408,360-7246
77,1,0,0,CT,415,335-6508
111,1,0,0,NM,415,348-6720
125,0,0,0,NJ,415,406-6400
115,0,0,1,AL,510,390-7370
115,1,1,0,MN,510,390-5055
114,0,0,0,NC,408,405-7542
106,0,0,0,OH,415,364-4927
118,0,0,1,ND,415,329-3458
59,0,0,0,CO,510,331-3842
87,0,1,1,ND,415,343-4147
21,0,0,0,NY,415,335-2274
142,0,0,1,WI,408,343-3227
62,0,0,0,WY,415,336-6907
149,1,0,0,OR,415,331-1391
54,0,0,1,CO,510,360-1643
112,0,0,0,LA,510,410-2518
68,0,0,0,AL,510,344-4970
201,0,0,1,TX,415,408-1486
88,0,0,0,PA,510,396-1648
85,0,0,1,IL,415,391-2022
51,1,1,0,DE,415,420-6465
45,0,0,1,MO,510,398-2628
116,0,0,0,AR,510,409-5519
146,0,0,1,OH,408,391-8554
63,0,0,1,WI,510,395-1693
133,0,0,0,GA,510,393-3194
125,0,0,0,KY,408,328-3402
72,0,0,0,OH,510,411-4781
130,0,0,0,TN,408,401-2581
97,0,0,0,SD,415,385-1214
54,1,0,0,NY,415,348-6853
160,0,0,1,GA,415,341-8412
79,0,0,0,TX,415,330-8142
92,0,0,1,WV,415,361-1404
59,0,0,0,MI,415,375-9671
132,0,0,0,ND,510,372-1824
21,0,0,0,NE,510,408-3606
93,0,0,0,SD,415,333-3595
147,0,0,1,NJ,415,379-7009
101,0,0,0,AK,510,411-4940
125,1,1,0,CT,415,409-7523
63,0,0,0,CO,415,408-6725
107,0,0,0,MD,415,350-2384
110,0,0,0,ND,408,348-1706
83,0,0,0,NH,415,415-6145
117,0,0,0,MN,408,373-3731
124,0,0,0,KY,415,341-3349
115,0,0,0,NH,510,399-8859
156,0,1,0,CO,408,377-4518
89,0,0,0,KY,408,341-1594
72,0,0,0,KY,415,418-8770
101,0,0,1,IN,415,332-9118
53,0,0,0,OR,415,386-1418
116,0,0,0,SD,408,393-3535
78,0,0,0,DE,408,328-9006
117,0,0,1,OR,415,402-2482
56,0,0,0,NE,510,408-4865
123,0,0,1,OH,408,396-6247
127,0,0,0,OH,408,396-9462
116,0,0,1,AR,415,396-9279
138,0,0,1,KS,510,363-8715
120,0,0,0,TX,415,356-1358
102,0,0,0,WI,408,360-7839
95,0,0,0,OR,415,364-8774
102,0,0,0,VA,408,348-5038
89,0,0,1,AR,415,365-4728
50,0,0,0,CT,408,351-9037
93,0,0,1,OH,415,397-9184
68,0,0,0,WY,510,398-4538
70,0,0,0,IL,408,382-6827
138,0,0,1,MO,415,408-1340
141,0,0,1,DC,415,333-9511
112,0,0,1,MA,415,358-7379
117,1,1,0,NH,510,397-1766
1,0,0,1,IA,408,331-2144
70,0,0,0,AL,415,345-7014
87,0,0,1,OR,510,395-1898
52,0,0,1,WV,510,373-8920
97,1,0,0,WA,408,373-8908
105,0,0,0,NV,408,415-1203
77,1,0,1,SC,510,369-7017
80,1,1,0,NC,415,420-8435
120,0,0,1,NH,510,395-2579
54,0,0,1,WY,408,405-7850
148,0,1,0,FL,510,394-7710
119,1,0,0,PA,408,342-4122
162,1,0,1,NC,408,340-1876
85,1,0,0,MO,510,383-6095
101,0,0,1,KS,510,413-1061
172,0,0,0,KY,415,343-5347
80,0,0,0,DE,415,376-4861
67,0,0,0,WI,510,417-2265
86,0,0,0,CO,408,419-7415
107,1,0,0,NM,415,407-2259
133,0,0,0,DE,510,333-2906
116,0,0,0,IL,510,360-7477
63,0,0,0,WA,408,342-5243
119,1,1,1,MA,408,417-3999
133,1,1,0,OH,408,379-1720
94,0,1,0,TN,408,368-3117
69,0,0,0,MA,510,352-5000
146,1,0,0,MI,408,405-7676
119,1,0,0,TX,510,361-2349
142,0,1,1,NH,408,383-2901
123,0,0,0,MD,408,369-7049
101,1,0,0,MS,408,387-5533
43,0,0,0,AZ,415,362-3660
69,0,0,0,IN,408,357-3577
15,0,1,0,NY,510,394-3312
107,0,0,1,WI,510,395-8330
67,0,0,0,WV,510,373-8895
99,0,0,0,NY,415,386-4581
46,0,0,0,OK,415,354-8191
55,0,1,0,NC,408,359-7562
39,1,0,0,KY,415,359-4336
92,0,0,0,TX,510,336-9901
56,1,0,0,CT,415,406-3069
76,1,0,0,NE,415,334-6519
132,0,1,1,HI,408,361-8113
140,0,0,1,SC,510,347-9769
51,0,1,1,AK,510,352-9130
27,0,0,0,SD,408,378-4557
224,0,0,0,ID,510,360-8919
105,1,1,1,OK,510,405-4109
117,0,0,0,WA,408,381-2498
91,1,0,0,SD,415,357-5696
135,0,0,0,OH,415,412-2947
146,0,0,0,VA,415,363-3571
147,1,1,0,WI,415,405-5403
68,1,0,0,IN,510,330-9354
68,0,0,0,NM,408,396-7091
86,0,0,1,HI,408,398-3004
131,0,0,0,KY,415,400-4020
86,0,0,1,OH,415,356-3448
159,1,0,0,VT,415,335-2019
134,0,0,1,AZ,415,332-6633
113,0,0,0,VT,510,359-7648
132,0,0,0,MO,408,412-9190
85,0,0,0,AL,415,368-9007
93,1,1,1,NJ,510,384-5632
174,1,0,1,WA,408,352-6068
61,0,0,0,NY,415,343-9645
91,0,0,1,DC,415,384-7873
88,0,0,1,NE,408,396-2187
88,0,0,1,MA,408,383-5109
195,0,0,1,VT,415,377-7843
182,0,0,0,NM,415,382-7999
118,0,0,0,CO,408,328-1222
103,1,0,0,NH,408,371-1727
65,0,0,0,IL,510,369-8871
61,0,0,1,UT,408,335-9726
172,0,0,0,WV,415,357-3709
72,0,0,0,NJ,415,422-9964
113,0,0,0,NM,510,366-9211
177,0,0,0,ND,408,384-9033
100,1,0,0,WA,408,382-4932
67,0,0,0,NM,415,404-7518
136,0,0,0,DE,415,353-1954
71,0,0,0,GA,415,391-7166
134,0,0,0,HI,408,370-9000
124,0,0,0,CT,415,332-3642
84,0,0,0,NJ,415,412-3898
39,0,0,0,ME,408,366-5640
110,0,0,0,OK,510,356-2302
102,0,0,0,TN,510,345-9018
70,0,0,0,WY,415,365-6205
142,0,0,0,NY,415,337-1151
81,0,1,0,DE,510,374-4664
17,0,0,0,RI,415,396-9656
119,1,0,0,PA,408,377-5043
105,1,0,0,HI,415,401-7359
108,1,1,1,MD,415,375-2184
90,0,0,0,VA,415,367-6005
100,0,0,1,IN,415,364-2166
155,0,0,1,OR,408,414-4741
113,1,0,0,AZ,510,403-9719
123,0,0,0,WI,415,371-8452
145,0,0,0,VA,408,392-6239
42,0,0,0,MO,415,410-5250
125,0,0,0,NV,510,336-1574
131,0,0,1,HI,415,406-8324
107,0,0,0,WA,415,411-7110
48,0,0,0,IL,408,341-9907
76,0,0,0,IL,510,400-8952
128,0,0,0,LA,415,333-9266
73,0,0,0,WI,415,419-4894
52,1,0,0,TX,415,364-9904
126,0,1,1,MI,415,394-3048
124,0,0,0,NC,415,352-6265
137,0,0,0,WA,408,357-3187
71,1,0,0,ND,510,373-8483
139,0,0,0,NE,415,375-9930
107,0,0,1,MS,510,352-6282
147,0,0,0,KY,408,396-2945
116,0,0,0,RI,510,412-3527
60,0,0,1,NY,510,328-4231
38,0,0,0,TX,510,413-9055
63,0,0,0,DE,408,363-8755
94,0,0,0,NM,415,388-8891
131,0,0,0,RI,415,360-1776
158,0,0,0,MS,510,411-3578
139,1,0,0,NY,510,399-7268
77,0,0,0,NE,415,350-1532
140,0,0,0,WI,415,359-2197
72,0,0,0,KY,408,407-9290
52,0,0,1,SD,510,358-6672
103,0,0,0,VA,510,393-4621
74,0,0,1,KS,415,336-7357
124,0,0,0,ND,415,351-1466
85,0,0,1,CO,510,394-6668
113,1,0,1,KY,408,403-2673
71,0,0,0,WA,408,355-1735
177,0,0,1,NV,415,416-7679
49,1,1,0,SC,415,340-4972
106,1,1,0,RI,510,417-4826
60,0,0,0,ID,510,408-6676
43,0,0,0,KY,408,417-6683
66,0,0,0,ME,510,331-6270
125,0,0,0,SD,415,404-9754
114,0,0,1,SC,510,364-9425
112,1,0,0,TN,415,339-6477
101,0,0,1,MT,408,362-2787
70,0,0,0,WI,415,405-9233
59,0,0,0,AK,408,416-1845
59,0,0,0,AZ,408,385-9657
124,0,0,1,MT,415,420-5652
99,0,0,0,DE,415,415-1141
150,0,0,0,VA,510,334-5634
81,0,0,0,MA,510,403-4200
86,0,0,0,IN,510,357-7893
84,0,0,0,MD,510,369-2899
118,0,0,1,NV,510,381-1026
89,0,0,0,CO,415,388-8722
93,0,0,0,KS,415,418-3135
85,0,0,0,AR,415,380-3974
160,0,0,0,WY,408,338-7232
28,0,0,0,PA,415,334-5223
73,1,0,0,TX,408,340-8323
156,0,0,0,NY,408,337-6851
33,0,1,0,OR,415,344-5973
77,0,0,0,CA,510,335-2261
119,0,0,0,NY,415,343-1458
91,0,0,1,AR,510,415-4875
102,0,0,0,MI,510,381-2726
86,0,0,1,OK,415,395-3852
82,0,0,0,TX,415,358-7914
89,0,0,0,NC,408,332-6958
86,0,0,0,ID,415,355-1019
134,0,0,0,IL,408,382-9447
92,0,0,0,OR,415,386-8536
87,0,0,0,SD,510,363-3818
64,0,0,0,NE,408,360-6416
80,0,0,0,RI,510,332-8764
165,0,0,1,MD,415,398-4814
153,0,0,1,ID,415,410-5963
41,0,0,1,ME,415,399-6642
108,0,0,0,SD,415,390-9986
104,0,0,1,NY,415,391-1793
115,0,0,0,DE,408,352-5542
87,0,0,0,OK,415,386-8118
159,0,0,1,SC,415,394-9825
119,0,0,0,IN,510,382-4952
69,0,0,0,NV,415,387-2698
87,0,1,1,IL,408,417-1360
93,1,0,0,SD,510,408-4836
154,1,1,0,OK,415,374-8329
57,0,0,1,KS,415,363-8424
130,0,0,0,IA,510,408-8910
151,0,0,0,NJ,415,399-3840
162,1,0,0,NJ,408,367-8692
60,0,0,0,MT,415,387-4504
81,0,0,0,IA,510,328-2647
132,0,0,0,WA,415,369-7903
86,0,0,0,NE,408,399-6852
136,1,0,0,TX,408,335-4888
121,0,0,1,MS,415,344-2260
105,0,0,1,IA,510,349-4070
105,0,0,1,WI,415,394-6505
51,0,0,1,MT,415,419-3612
64,0,0,0,GA,408,356-1952
80,0,1,1,MT,510,416-7866
56,0,0,0,ND,415,398-1759
120,0,0,0,VT,415,338-9950
103,0,0,0,SD,510,412-7278
164,0,0,1,OH,510,347-1263
116,0,0,1,OH,415,386-5684
121,0,0,0,MT,408,334-4354
55,0,1,0,IL,415,398-5970
183,0,0,0,NV,415,330-3429
104,0,0,0,UT,408,418-4637
90,0,0,0,NH,408,393-7322
82,0,0,0,LA,415,353-5557
101,0,0,0,VT,415,411-5334
9,0,0,1,NY,415,398-8588
97,0,0,0,CT,415,374-7285
94,1,0,0,KS,408,379-7215
127,0,0,1,MI,510,357-7875
125,0,0,1,SD,510,393-9677
140,0,0,0,ME,415,345-9598
90,0,0,0,MD,415,353-3203
67,0,0,0,VA,415,330-7486
113,0,0,0,NJ,415,397-6425
121,0,0,1,TN,510,338-1815
93,0,0,0,DC,408,406-5023
121,0,0,0,DC,408,368-2458
53,1,0,0,OR,408,400-8375
75,0,0,0,RI,415,387-8201
132,0,0,0,AK,510,346-4360
162,0,0,0,WI,408,412-8811
140,0,0,0,IN,415,413-3990
91,0,0,0,MI,408,345-2448
73,0,0,1,ID,510,394-4512
95,1,1,0,NH,408,400-8538
145,0,0,0,MN,408,412-8769
100,0,0,0,AZ,415,390-1552
122,0,0,0,MN,415,389-2477
109,0,0,0,MO,415,389-4695
82,0,0,0,AL,408,406-8037
65,0,0,1,PA,415,382-9138
52,0,0,0,AK,510,414-7942
136,0,0,1,MS,415,348-7071
75,0,0,0,IA,415,404-2942
146,0,0,0,WY,408,348-3581
105,0,0,0,NE,408,327-6764
48,0,0,0,ND,415,405-2831
45,0,0,0,CT,415,416-4351
106,0,0,1,NC,415,419-3196
33,0,0,0,CT,510,411-6211
68,0,0,0,ND,408,391-8369
106,0,0,0,WA,408,416-4464
141,0,0,0,NV,415,347-1814
98,0,0,0,CO,408,386-7337
94,0,0,1,KS,510,375-8505
65,0,0,0,CO,510,407-5056
85,0,0,0,MO,415,367-8924
71,1,0,0,MA,510,419-5171
112,0,0,1,NY,408,396-7687
110,0,0,0,AK,415,394-4548
111,0,0,0,WI,415,382-6438
74,1,0,0,NH,408,413-2194
105,0,0,0,TN,510,366-2622
40,0,0,0,NY,408,416-7591
128,1,1,1,GA,408,355-2634
123,1,0,0,MN,408,422-5350
122,0,0,0,MI,510,329-2388
114,0,0,1,ID,408,381-5273
102,0,0,1,CT,415,421-6694
126,0,0,0,NC,415,342-1702
150,1,0,0,LA,415,381-4029
60,1,0,0,NJ,408,335-2967
123,0,0,0,TX,408,416-6594
138,1,1,0,CA,510,388-6026
29,0,0,0,MD,510,367-1024
111,0,0,0,WY,415,386-7118
37,1,1,0,TX,510,346-2020
111,1,0,0,CA,408,329-9067
81,0,0,0,UT,510,329-6144
46,0,0,0,WA,510,332-1502
69,0,0,1,MS,510,342-8320
125,0,0,0,OH,408,411-5748
43,0,0,0,KS,415,381-9367
127,0,0,1,RI,415,400-1280
94,0,0,0,IN,510,360-5794
46,0,0,0,VT,408,373-3538
73,0,0,1,MT,408,394-9942
146,0,0,1,CT,408,380-3329
93,0,0,0,NM,415,334-7618
52,0,0,1,OH,408,327-9289
202,0,0,0,GA,510,351-2589
129,0,0,1,MN,510,368-6892
94,0,0,0,CT,415,337-9303
100,0,0,0,AL,415,377-5258
43,0,0,0,WV,415,348-5767
130,0,0,0,NH,415,373-3549
124,0,0,0,WY,415,422-8344
92,1,1,0,VA,510,411-2958
48,0,0,0,VT,415,384-2908
98,0,0,1,OH,510,347-6393
100,1,0,0,MT,415,385-7148
79,0,0,0,MA,415,419-2767
164,0,0,0,VA,415,375-1746
105,0,0,0,NM,415,362-7870
89,0,1,0,AR,408,410-3725
126,1,0,0,NE,415,387-1535
96,0,0,0,WY,408,329-2045
120,0,0,1,IA,415,341-6743
212,1,0,0,SC,415,336-8343
72,0,0,0,NC,415,368-5758
155,0,1,1,HI,415,346-8362
89,0,0,0,UT,415,345-9690
126,0,1,0,WY,408,339-9798
172,1,0,0,AL,408,359-5731
75,0,0,0,VA,415,373-2091
143,0,0,0,WI,510,367-3439
166,1,1,0,FL,510,367-1681
132,0,0,0,KS,415,420-9973
94,1,1,0,NV,408,351-4025
99,0,0,0,NY,415,393-5897
136,0,0,1,VA,415,384-7216
119,0,0,0,KS,415,384-4595
115,1,1,0,NC,510,329-9667
160,0,0,0,MO,415,347-5063
166,0,0,0,ND,510,345-8433
120,0,0,0,CA,510,339-7602
173,0,0,0,WV,415,332-1109
156,0,0,0,IL,415,343-3296
70,0,0,0,NY,415,366-2536
41,0,0,0,NV,510,355-2293
132,0,0,0,AL,408,350-9318
47,1,1,0,KS,510,418-5300
160,0,0,0,ND,510,395-2626
180,0,0,0,OK,415,402-7372
93,0,0,0,UT,415,337-9710
109,0,0,0,OH,415,363-4967
80,0,0,0,WY,510,400-5389
54,0,0,1,NM,415,416-9162
121,0,0,0,AL,415,414-6541
157,0,0,1,DC,510,392-6647
170,0,0,1,ID,510,343-2465
138,0,0,0,AR,510,338-9171
92,0,0,1,ID,415,405-4606
126,0,0,0,TX,415,386-9711
41,1,0,0,NM,415,327-8495
167,1,0,0,WA,415,416-5660
91,0,0,0,UT,510,370-3032
127,0,0,0,RI,510,331-8462
88,0,0,1,NC,408,414-4037
113,0,0,0,RI,415,415-2865
78,0,0,0,NY,510,362-2353
123,0,0,0,TX,408,329-5114
136,0,1,1,DE,408,351-1389
68,0,0,1,MS,415,375-3668
132,0,0,1,OH,415,375-5414
133,0,0,0,LA,415,360-7079
127,0,0,0,FL,415,344-9302
110,0,0,0,WA,415,418-1775
121,0,0,0,WV,510,401-2468
116,0,0,0,NY,510,346-4984
112,0,1,1,NE,415,351-2928
97,1,1,0,PA,510,365-7774
43,0,0,0,MS,510,358-3691
110,0,0,0,IN,415,364-9059
67,0,0,0,VA,408,356-7208
166,0,0,0,MN,408,333-5551
129,0,0,0,DE,408,362-6528
103,0,1,0,OR,510,394-2560
71,1,0,0,UT,415,367-3220
112,0,0,1,CT,415,418-5708
8,0,0,1,AL,415,421-2245
98,1,0,0,TX,415,406-2242
90,0,0,0,CT,415,347-6994
13,1,0,0,MS,415,413-7468
58,0,0,0,AR,415,389-6082
137,0,0,1,CA,415,415-3689
116,1,0,0,MI,408,379-2503
94,0,0,1,WV,415,396-1106
87,0,0,0,DE,415,379-4372
120,0,0,0,FL,415,336-3738
97,0,0,1,AK,415,380-2600
134,0,0,0,ID,415,345-4473
68,0,0,0,OH,510,380-9990
93,0,0,0,NH,408,411-1045
120,0,0,0,MA,415,413-5306
41,0,0,0,SC,408,417-6906
80,0,0,0,OR,510,331-4807
83,0,0,1,OH,415,376-5375
109,0,1,0,NC,510,361-9839
66,0,0,1,KY,510,348-8679
104,0,0,0,ID,510,403-6565
89,0,0,0,WA,510,346-5287
127,0,0,0,WV,510,413-6769
117,0,0,1,RI,408,370-5042
128,0,0,0,KS,510,397-9486
88,1,0,0,NV,415,364-3286
61,1,0,0,NE,408,420-8897
22,0,0,0,FL,415,378-9506
78,0,0,0,WY,415,399-6259
56,0,0,1,WA,415,335-5806
192,0,0,0,CO,415,401-6392
70,0,0,0,WI,415,379-9859
148,0,0,0,KS,510,415-4051
65,0,0,1,RI,415,368-5612
119,0,0,0,MT,510,374-5301
80,0,0,0,CO,415,406-5710
152,0,0,1,CT,408,354-7077
113,0,0,0,FL,510,343-3340
75,0,0,0,VT,510,377-8267
80,0,0,0,OH,415,382-2453
148,0,0,0,NH,408,333-7449
63,0,1,0,RI,415,366-4287
97,0,0,1,FL,415,415-2285
166,0,0,0,MD,415,381-1328
94,0,0,0,WY,408,344-4022
85,0,0,1,FL,408,415-6601
80,1,1,0,TN,415,351-7309
210,0,0,1,NC,415,363-7802
88,0,1,1,IN,415,408-4870
100,0,0,0,IA,408,378-9478
154,0,0,1,WV,408,401-4778
32,0,0,1,UT,510,370-9563
18,0,0,0,GA,408,394-6382
126,0,0,1,AK,415,333-5295
144,0,0,1,UT,510,370-2451
29,1,0,0,MS,510,401-6982
86,0,0,1,AR,408,329-8115
138,0,0,1,AK,415,340-3409
146,0,0,0,AK,415,397-5911
175,0,0,0,ME,415,415-6127
74,0,0,0,WV,510,392-6073
48,0,0,0,CT,415,419-6564
74,0,0,1,GA,510,340-8245
105,0,1,0,NV,415,376-4540
157,0,0,0,VT,510,361-5936
217,0,0,0,DC,415,421-9846
68,0,0,0,TN,415,356-1582
80,0,0,0,OR,415,375-4900
38,0,0,1,MS,415,420-8953
107,0,0,1,NC,415,376-4035
140,0,0,0,CO,415,344-5206
98,1,0,0,AR,415,328-7833
114,0,0,0,PA,415,417-4266
46,0,0,0,MN,408,351-6574
118,0,0,1,NM,415,372-8925
37,0,0,0,UT,510,340-5678
34,0,0,0,NE,415,361-6814
98,0,1,1,MS,415,336-7155
113,1,0,0,NV,510,342-8167
69,0,0,0,OR,408,375-9180
121,0,0,0,VA,415,357-7064
59,0,1,1,NJ,510,347-5354
59,0,0,0,WV,510,362-9391
190,0,0,0,OR,415,386-8984
109,0,0,0,KY,415,384-6372
136,0,0,0,MO,415,358-1329
86,0,0,0,TX,510,400-7987
100,0,0,1,MN,415,327-8732
106,0,0,0,FL,510,389-6955
104,0,0,0,PA,415,396-1800
129,0,0,0,WV,415,349-4979
205,0,0,0,IN,510,361-5864
93,0,0,1,OK,415,418-4658
123,0,0,0,NE,415,330-6208
99,0,0,0,DE,415,416-6628
61,0,0,1,MI,415,349-5617
71,0,0,0,IL,415,397-8051
4,0,1,0,UT,510,413-6346
148,0,0,1,IL,408,395-9270
141,0,0,0,WA,415,401-7575
56,0,0,0,NM,408,332-5964
160,0,0,0,MD,415,348-3338
43,0,0,1,VA,408,387-5411
42,0,0,0,MT,415,378-7872
135,0,1,0,CT,415,389-6037
106,0,0,0,AL,415,349-3732
106,0,0,0,WV,510,347-9738
83,0,0,1,MO,415,380-6074
110,0,0,0,ND,415,338-4307
153,0,0,0,AR,408,339-3636
109,0,0,1,GA,510,328-9315
31,0,0,0,FL,510,402-3634
124,1,0,0,LA,510,348-4316
110,1,0,0,UT,415,375-3826
124,0,0,0,AZ,415,360-1406
82,1,0,0,NY,415,356-5475
122,0,0,0,KY,415,363-9969
137,0,0,0,AL,415,350-4367
69,0,0,0,IN,510,348-1592
46,0,0,1,IN,415,368-9751
103,0,0,0,FL,415,380-6413
16,0,0,0,NM,510,367-9259
119,0,0,0,AL,415,404-8765
124,1,1,0,MN,510,371-6284
122,0,0,1,NY,415,403-9468
139,0,0,0,MD,415,335-3133
67,0,0,0,KS,510,366-4426
84,0,0,0,WV,408,354-4752
101,0,0,1,ID,510,406-4768
40,0,0,0,LA,510,367-9257
61,0,0,0,MI,415,342-8348
120,1,1,0,TN,408,410-7611
95,0,0,0,CA,415,341-3270
98,0,0,0,FL,408,416-7452
114,0,0,0,LA,415,356-8982
68,1,1,1,IL,415,340-6908
149,0,0,1,AL,415,348-6659
22,0,0,0,CT,408,345-2401
176,0,0,0,PA,415,422-5264
152,0,0,0,TX,415,422-1799
118,0,0,0,VA,408,404-2877
101,0,1,0,MO,415,417-7913
102,1,0,0,MT,408,399-2457
118,0,0,0,ND,408,419-3427
105,1,0,0,FL,415,358-2490
153,1,0,0,WI,510,349-3112
71,0,0,0,KY,415,414-5422
71,0,0,1,MD,415,386-3766
68,0,0,0,IN,415,386-9724
66,0,0,0,MA,415,416-7393
101,0,0,0,ND,415,395-1380
116,0,0,0,VT,415,408-4911
54,0,0,1,CT,415,387-4064
112,0,0,1,VA,408,380-5667
122,0,0,1,MS,408,402-8930
74,0,0,0,AK,415,336-6533
90,0,0,0,WY,415,359-9992
112,1,0,0,NY,415,391-1737
85,0,0,0,NC,510,404-2871
100,0,0,0,IL,415,420-6121
114,0,0,0,OH,415,369-4012
83,0,0,0,RI,510,357-2294
157,0,1,0,WY,415,348-9938
51,0,0,0,OR,510,394-3023
42,1,0,0,NV,415,352-5466
101,1,0,1,ND,415,364-5510
112,0,0,0,OR,510,396-6462
56,0,0,0,ND,510,384-5335
53,1,0,0,NJ,408,416-6886
64,0,0,1,WV,415,357-2748
123,0,0,0,VA,408,386-7976
68,0,0,1,ID,510,403-9199
40,0,1,0,CT,510,361-1900
132,0,0,0,NM,408,405-3848
120,1,1,0,CT,408,344-1136
108,1,0,1,MI,408,378-6276
161,1,0,0,SC,510,343-2592
130,1,0,0,SC,415,396-4410
122,0,0,0,NY,510,397-3943
130,0,0,1,MT,408,347-3821
90,0,0,0,WY,510,400-8069
139,0,0,1,NE,415,346-5349
57,0,0,0,IN,415,345-5089
128,0,0,0,CO,510,410-4613
127,0,1,0,WY,510,356-4706
107,1,0,0,MD,415,347-3406
177,0,0,0,OK,408,333-9133
121,0,0,0,SD,415,392-2459
99,0,1,1,SC,510,401-3685
126,1,1,0,NY,415,352-7752
77,1,0,1,NY,415,388-9285
21,0,0,0,WV,415,332-5582
56,0,0,0,WA,408,376-2550
92,1,0,1,ID,415,333-4594
81,0,0,0,MN,510,375-2522
139,1,1,1,TX,510,388-2240
68,0,0,0,AZ,415,420-1782
183,0,0,1,DE,415,384-8890
90,0,0,0,CO,408,371-4788
165,0,0,0,WI,408,360-5636
89,1,0,0,WI,415,373-4264
59,0,0,0,NJ,510,352-9836
16,0,1,0,IL,415,342-2013
114,1,0,0,DC,415,354-5689
113,0,0,0,IA,510,335-8427
120,0,0,0,GA,408,409-6753
115,0,0,0,AK,415,349-1756
37,1,0,0,CA,510,328-8980
100,1,1,0,MN,415,399-2151
132,1,0,0,CO,415,379-9524
38,0,0,1,KY,408,352-9947
1,0,0,0,SC,408,336-1043
97,0,0,1,MT,415,416-7013
55,0,0,1,KY,415,345-4551
75,0,0,0,WV,415,405-9864
83,0,0,0,ID,415,350-4297
40,1,0,0,MN,510,350-7114
101,0,0,1,MA,415,400-4244
120,0,0,1,MD,415,417-2608
183,0,0,1,SD,415,372-2990
75,1,0,0,PA,510,353-9998
80,0,0,0,KY,415,330-3008
88,0,0,0,ID,415,384-8629
112,0,0,1,NY,415,404-9504
63,0,0,0,NM,510,405-8753
105,1,0,1,CA,415,409-9911
92,0,0,0,ID,415,394-4260
177,0,0,0,WY,415,380-9063
118,0,0,0,NM,510,395-4509
111,0,0,1,HI,408,401-6671
82,0,0,1,ID,510,405-7204
74,0,0,0,NC,415,329-5377
121,0,0,1,TX,415,408-9572
131,0,0,0,GA,408,380-9879
125,0,0,0,AL,408,384-9243
19,0,0,0,ME,415,404-5597
138,0,0,0,VA,415,359-7521
119,0,0,0,ID,415,327-4795
137,0,0,0,NY,510,338-7955
182,1,0,0,NC,415,379-6970
135,0,0,0,OH,415,351-7807
134,0,0,1,HI,415,342-9394
45,0,0,0,DC,415,384-6264
129,0,0,0,TN,408,352-4534
142,0,0,0,VT,415,378-4617
130,0,0,1,MD,415,364-9567
163,0,0,1,LA,408,371-5875
105,0,0,0,HI,415,383-6489
119,0,0,0,FL,415,345-7117
78,0,0,0,WY,408,384-3902
92,0,0,0,NE,415,386-2759
146,0,0,1,WY,415,356-1270
125,0,0,1,OR,408,379-1336
88,0,0,0,IN,415,354-7201
83,0,0,1,MD,408,404-5057
3,0,1,0,TN,510,407-8012
152,1,1,1,WV,510,332-6139
48,0,0,0,WA,510,328-1373
189,0,0,0,MS,415,411-6501
95,0,0,1,OH,415,329-8056
129,1,0,0,IN,415,415-4564
66,0,0,1,CO,408,329-6192
80,0,0,1,TX,510,384-3904
1,0,0,0,AK,408,373-1028
84,0,0,0,WV,408,369-1220
96,0,0,0,MA,415,359-9369
123,0,0,1,TN,415,415-3016
116,1,1,1,ID,510,414-7090
105,0,1,0,DE,415,350-2250
80,0,0,0,VA,415,383-9355
157,0,0,0,MT,408,417-3257
67,0,0,1,ID,510,336-8010
141,0,0,1,IN,415,354-7718
79,0,0,1,MD,415,358-4412
76,0,0,0,MS,408,368-8972
111,0,0,0,WA,510,407-9841
94,0,0,0,OH,415,393-5208
143,1,0,0,RI,408,332-2889
109,0,0,0,AR,510,374-5530
138,0,0,0,AZ,415,332-3381
73,0,0,0,SC,415,344-9347
21,1,0,0,KY,415,412-1991
148,0,0,1,AL,415,393-4528
103,0,0,0,NE,408,347-2378
143,0,0,1,MT,408,385-2699
79,0,0,1,MN,408,383-4319
89,0,0,0,NV,415,352-7915
120,0,0,0,CA,415,375-5547
121,0,0,1,UT,415,337-2348
101,0,0,0,IL,415,342-8702
115,0,0,0,DC,408,393-5802
168,0,0,0,IN,415,384-2219
90,0,0,0,NM,415,347-6164
70,0,0,0,MS,510,376-9940
138,0,0,0,VT,415,354-4352
43,0,0,0,VT,408,331-8713
117,0,0,1,UT,510,341-3663
108,0,0,0,KY,408,376-4665
118,0,0,0,VA,408,421-9034
169,0,0,0,OH,408,401-5169
62,0,0,1,AZ,408,370-8262
86,0,0,0,NY,510,387-2041
44,0,0,0,VA,408,356-4146
111,1,0,0,MD,510,372-8883
127,0,0,1,MA,510,336-1880
151,0,1,0,IL,415,347-5843
53,0,0,0,LA,415,370-8023
15,0,0,0,MO,415,417-9814
123,0,0,1,DC,408,387-3422
137,0,0,0,PA,415,365-1664
106,0,0,0,TN,415,367-2436
88,0,0,0,NJ,510,344-6258
106,0,0,0,VA,415,353-8928
95,0,0,0,TN,510,365-7784
57,1,1,0,NJ,510,330-2635
184,0,0,0,WA,408,344-3131
109,0,0,0,AR,510,378-4294
127,0,0,0,WI,415,343-9365
82,0,0,0,WA,510,362-5579
180,0,0,0,RI,415,366-7616
174,0,0,0,ME,415,397-2870
92,1,0,0,CO,415,408-3262
81,0,0,0,CO,408,372-9091
125,1,0,0,RI,408,410-3159
119,1,0,0,CT,408,344-5181
122,0,0,0,NC,415,396-8662
34,0,0,0,WY,408,339-6446
138,1,1,1,OR,415,384-7236
90,0,0,1,FL,415,353-5257
73,0,0,0,KY,408,369-7295
19,1,0,0,SC,510,408-5322
120,0,0,1,WA,408,344-9620
160,0,0,0,MT,415,329-8436
141,0,0,0,PA,510,414-6739
90,0,0,0,MA,408,406-1730
72,0,0,0,VT,415,336-9327
117,0,0,1,MN,408,378-7418
79,0,1,0,IL,408,412-6019
87,0,0,0,AR,408,390-4789
102,0,0,0,MD,415,386-9774
49,0,0,0,MT,408,353-8970
67,0,0,0,VT,408,410-5370
107,0,0,0,CO,415,404-4421
190,0,0,0,NC,408,409-3353
118,0,0,0,WA,510,422-2571
120,0,0,0,TN,415,412-3404
94,0,0,0,AR,408,333-2964
115,0,0,1,DC,510,406-6669
61,0,0,0,MN,415,409-8802
143,0,0,1,IA,510,354-6183
110,0,0,0,KS,510,354-2434
104,0,0,0,ND,415,389-7620
16,0,0,0,MT,510,338-1724
183,0,0,0,IL,510,399-1750
147,0,0,0,DC,408,354-8914
58,1,0,0,KY,415,409-2983
102,0,1,0,MS,510,329-9689
123,0,0,0,TN,415,337-8950
64,0,0,1,IA,415,374-1836
103,0,0,0,AK,510,359-9454
152,1,0,0,MN,415,378-9542
124,1,0,0,WV,415,344-1970
97,0,0,0,OR,415,417-2774
131,1,0,0,MS,415,333-9002
57,0,0,1,ME,415,369-8576
157,0,0,0,MN,510,372-6920
194,0,0,0,GA,510,333-6575
66,0,0,0,DC,415,410-1190
155,0,0,0,GA,510,376-1641
123,1,0,0,NY,415,329-6731
116,0,0,0,OK,510,393-3976
63,0,0,0,OK,415,388-7355
64,0,0,0,GA,510,412-7791
96,0,0,0,NJ,510,368-6111
53,0,0,0,MN,415,401-9420
105,0,0,0,ME,510,352-5750
53,0,0,1,MI,510,417-3702
101,0,0,0,MT,415,353-5714
129,0,0,1,NE,510,409-9494
122,1,0,0,ND,408,395-1901
163,0,0,0,VA,415,378-8342
93,0,0,0,VT,408,417-6044
115,1,1,0,OH,510,348-1163
25,1,0,0,AL,408,337-4600
73,0,0,0,DC,408,355-5922
120,0,0,0,ND,415,369-5810
196,0,0,0,TN,415,340-8291
97,1,0,0,DE,510,354-7397
148,0,0,0,NY,408,407-7464
85,0,0,1,AL,408,386-6411
86,1,1,0,OK,510,397-3746
78,0,0,1,MS,415,410-5236
106,0,0,0,MD,415,409-2412
147,0,0,1,NE,415,400-7280
145,1,0,0,AR,415,332-5820
91,0,0,0,IL,415,373-4483
81,0,0,1,IN,408,347-6717
116,0,0,1,UT,415,380-2929
69,0,0,1,LA,415,420-7692
135,0,0,0,ID,510,380-6437
73,0,0,0,KY,510,377-8309
48,0,0,0,MI,415,407-2718
125,1,1,0,NH,415,357-1938
100,0,0,0,WV,415,381-3735
165,0,0,1,OR,415,409-8453
64,0,0,0,SD,415,395-6758
116,0,1,1,MD,510,399-5424
147,1,1,1,ND,408,409-4671
115,0,0,0,TN,415,374-6525
84,0,0,1,MO,415,406-8665
86,0,0,1,IL,510,342-7716
134,0,0,0,UT,415,417-2221
105,1,0,0,MI,415,376-5213
88,0,0,0,AR,408,348-7448
90,0,0,1,TX,408,328-8179
86,0,0,0,AK,408,389-4602
37,0,0,0,TN,415,413-2238
141,1,0,1,NH,415,402-3370
148,0,0,0,NM,408,348-6008
163,0,0,1,MN,408,371-5655
89,0,0,1,IA,415,374-5224
63,0,0,0,RI,415,371-1187
102,0,0,0,AL,415,337-1100
76,0,0,0,NC,510,421-8141
104,0,0,0,SD,408,406-2678
109,0,0,0,MT,510,415-9649
105,0,0,0,HI,510,364-8128
63,0,0,1,MT,415,356-7817
105,0,0,1,KY,415,404-6357
68,0,1,1,DC,415,398-2138
63,0,1,1,CO,408,378-8029
74,0,0,0,MI,415,386-4215
76,0,0,0,AL,415,367-8156
91,1,1,0,KS,408,382-8079
101,0,0,0,NC,415,354-2985
116,1,0,0,SC,408,373-6922
131,0,0,1,CO,415,397-7125
84,0,0,0,MN,415,333-6296
104,0,0,0,WY,415,365-6022
108,0,0,0,FL,510,365-1688
111,0,0,0,NY,415,382-4872
155,0,0,1,OK,408,367-6136
66,0,0,0,ME,510,404-3592
64,0,0,0,NE,510,415-2949
69,0,0,0,OH,415,375-8880
116,0,0,0,CT,415,335-6832
101,0,0,0,DC,415,361-8367
15,0,0,0,OK,415,408-2002
88,1,0,0,NJ,415,347-8659
197,0,0,0,IA,415,376-2922
50,1,1,0,VA,415,382-2182
172,0,0,0,VA,510,408-2089
188,1,1,1,NM,415,369-6890
85,0,1,0,FL,408,347-2951
103,1,1,0,RI,510,420-6324
136,0,0,1,NJ,408,402-7650
155,0,0,1,NE,408,391-2702
145,0,0,0,WV,415,383-3375
116,0,0,1,WY,510,392-2733
152,0,0,0,SC,408,397-9933
65,1,1,0,MS,415,383-9306
180,1,0,0,ND,415,369-1929
67,0,0,0,IL,415,369-4377
60,0,0,0,OR,415,366-9430
138,0,0,0,UT,510,353-7407
44,1,0,0,IA,415,359-7426
25,0,0,0,ME,510,332-7391
145,0,0,0,WY,408,405-6559
122,0,0,1,WI,510,338-8784
121,1,0,0,SC,415,415-6347
55,0,1,0,DC,510,354-5058
77,0,0,0,CT,415,342-5701
12,0,0,0,OR,415,378-4179
64,0,0,0,OR,510,407-6391
92,0,0,1,NV,415,404-3105
125,1,1,1,MN,415,390-9735
160,0,0,0,OK,408,350-4820
79,0,0,0,KS,415,383-8807
36,0,0,0,RI,415,366-8382
102,0,0,0,DC,415,402-9704
138,0,1,0,IL,408,405-2209
164,0,0,0,UT,510,397-3939
125,1,0,0,MN,415,343-2689
72,0,0,0,WI,408,383-9448
74,1,0,0,MI,415,359-6232
134,0,0,1,MI,415,369-9772
145,0,0,0,MA,415,381-7003
136,0,0,0,AL,510,352-6732
209,1,0,0,SC,510,388-7540
66,0,1,0,WI,415,356-3333
152,0,0,1,VT,510,333-9664
162,0,0,0,CT,408,363-3763
72,0,0,0,OR,510,345-7900
101,0,0,0,HI,415,400-5511
125,0,0,0,WV,415,381-7597
46,0,0,0,RI,408,404-9775
132,1,0,0,MI,408,389-4608
193,0,0,1,ME,415,403-1742
63,1,0,0,WV,510,328-9797
124,0,0,0,NE,510,359-9223
144,0,0,0,DC,415,336-7696
116,0,0,1,NH,408,369-2214
189,0,0,1,MD,415,411-1325
97,0,0,1,NH,408,410-7553
137,0,0,1,WV,510,376-4284
142,0,0,1,IL,415,334-2800
84,0,0,0,OK,510,369-1904
119,0,0,1,NH,415,359-3833
158,0,0,0,MI,415,348-5569
50,0,0,0,ND,415,342-1960
98,0,0,0,LA,408,352-9050
101,0,0,1,HI,415,390-5316
182,1,0,0,NJ,415,418-8568
51,0,0,0,WV,408,401-4844
117,0,0,0,NC,510,376-5471
92,0,1,0,PA,415,409-2917
86,0,0,0,MI,408,369-6308
122,0,0,0,WY,415,357-7385
156,0,0,1,NJ,408,405-7119
127,1,0,0,NJ,510,405-3309
130,1,1,0,NC,408,384-4938
158,0,0,0,NM,408,377-2725
145,0,1,1,MS,510,405-6398
90,1,1,1,TX,415,355-9366
127,0,0,1,OK,510,403-1128
109,0,0,0,ID,415,384-9682
88,0,0,0,AL,415,352-5393
101,0,0,1,WY,510,395-1229
171,0,0,0,HI,510,361-9195
21,0,0,0,VA,415,351-6366
145,0,0,1,WV,408,346-4919
90,0,0,0,DE,415,354-9068
33,0,0,0,CA,408,369-2743
61,1,0,1,PA,408,343-1347
107,0,0,0,CO,415,336-5495
147,1,0,0,MD,408,376-4292
117,0,0,0,AL,510,391-8677
95,0,0,0,AL,415,350-7273
186,0,0,0,KS,510,400-6454
128,0,0,0,MI,415,422-3052
55,0,0,1,AK,408,365-6756
134,0,0,0,OH,415,406-4158
96,0,0,1,IN,415,383-4641
107,0,0,0,SC,415,368-5165
123,0,0,0,KS,415,378-2432
35,0,0,0,OK,415,362-4159
74,0,0,0,WI,408,363-7979
130,0,0,0,IN,408,334-9818
137,1,1,0,IL,408,352-5787
88,0,0,0,TN,415,332-3617
80,0,0,0,DC,408,327-9957
116,0,0,1,NC,408,338-7527
123,0,0,1,RI,510,348-8711
120,0,0,0,MS,415,421-3226
146,0,1,0,VA,415,391-4358
106,0,0,1,KY,510,379-2523
121,0,0,1,NV,408,419-2369
137,0,0,0,WI,510,382-1227
84,0,0,1,NH,408,409-5749
67,0,0,1,NE,510,362-7951
161,1,0,0,WI,408,415-3537
134,1,0,1,NJ,510,373-3959
62,1,1,1,ME,415,358-1346
120,0,0,1,WY,415,381-8422
130,0,0,1,IN,408,360-9005
20,0,0,0,WI,408,344-5967
68,0,0,0,VT,415,396-6390
112,0,0,0,CA,415,346-5036
77,0,0,0,IN,408,328-7252
109,0,0,0,SC,415,360-1745
108,0,0,0,IN,415,358-2046
79,0,0,1,IA,415,344-6935
119,1,0,0,MD,408,401-9665
38,1,0,0,MN,510,399-5291
109,1,0,1,AR,415,409-6588
78,0,0,0,MS,415,358-5721
134,0,0,0,MN,415,414-7446
47,0,0,1,WA,415,329-9517
59,0,0,1,MS,408,415-9553
151,0,0,0,ID,415,413-3177
129,0,0,0,NC,415,347-5113
107,0,0,1,VA,510,330-2662
137,1,1,0,MT,408,330-5824
76,0,0,0,MI,510,411-1261
24,0,0,0,HI,415,329-8788
169,0,0,0,NC,408,333-7869
30,0,0,0,MN,408,399-4800
70,0,0,0,WV,415,402-2072
52,1,1,0,SD,510,403-6187
3,0,0,0,HI,408,355-2872
38,0,0,0,MS,415,386-2970
104,0,0,0,NY,415,389-6081
27,0,0,0,LA,408,348-7556
166,0,1,1,KS,415,334-9163
13,0,0,0,MA,408,411-4293
52,0,0,0,AK,408,375-5562
114,0,0,1,SD,415,386-3823
156,0,0,0,CO,408,364-6445
90,0,0,1,NH,415,383-2251
62,0,0,0,WV,415,351-3169
82,0,0,1,AZ,415,413-6380
52,0,0,0,ME,510,380-9674
146,0,0,0,NH,510,345-2319
120,0,0,1,RI,415,377-5441
130,1,0,0,ID,415,358-3692
90,0,0,0,WI,408,400-5831
147,0,1,0,NM,408,357-5995
159,1,0,0,WY,415,391-2159
74,0,0,1,IL,510,398-5954
130,0,0,0,TX,408,385-6175
155,0,1,0,RI,408,334-2961
87,0,0,0,MI,415,405-4303
81,1,0,0,OR,415,406-4100
99,0,0,0,VA,510,352-4401
131,0,0,0,SD,510,347-1473
89,1,0,0,AL,510,347-2016
123,1,1,0,MS,415,388-8948
130,0,0,1,MS,510,402-5509
99,0,0,0,HI,415,367-2598
36,0,0,0,WV,408,370-5001
87,0,0,0,WV,415,332-3693
139,0,0,0,WV,415,403-9766
189,0,0,0,IN,510,363-2407
96,0,0,1,NM,415,395-9214
112,0,0,0,DE,408,351-8894
75,0,0,0,NC,408,406-5003
178,0,0,1,NM,415,398-1332
112,1,0,0,SC,415,363-8033
108,0,0,1,NJ,415,333-1012
100,0,0,0,AZ,510,391-6260
121,0,0,1,RI,510,336-1353
116,0,0,0,SD,415,365-5629
161,0,0,0,NH,415,349-4397
19,0,1,0,AL,415,380-3910
104,0,0,0,WV,415,354-7820
119,0,1,1,ID,415,338-9952
125,0,0,0,MD,415,405-1821
156,0,0,0,IN,510,329-8669
109,0,0,0,WY,415,328-8808
95,0,0,0,NH,510,409-3018
90,0,0,0,MN,408,421-5994
105,0,0,1,MA,415,354-4448
101,0,0,0,NH,510,352-5081
95,0,0,0,MN,415,401-7803
123,0,0,0,IA,415,420-6052
160,0,0,0,NY,408,352-6084
141,0,0,1,AL,510,388-8583
87,0,0,0,WV,415,415-3158
81,0,0,0,NM,415,402-9304
75,0,0,1,CA,415,341-1916
126,0,0,1,MA,408,381-2745
28,0,0,0,ME,415,402-5014
153,0,0,0,FL,415,399-8846
97,1,0,1,NH,408,328-9267
115,0,0,0,IN,408,348-7224
95,0,0,0,WI,408,336-2190
17,1,1,0,MA,415,376-4705
105,0,0,1,NH,415,381-4076
121,0,0,0,TX,415,348-8464
125,0,0,0,NC,408,412-7020
124,0,0,0,CT,415,386-8432
35,0,0,0,NJ,408,337-1802
134,1,0,0,WY,510,366-1084
123,0,0,1,LA,510,352-4182
124,0,0,0,NV,415,368-5628
133,0,0,0,WV,510,333-8996
185,0,0,1,AR,415,353-2557
1,0,0,1,SC,415,356-8621
107,0,0,0,KS,415,354-6942
91,0,0,1,NY,415,377-9829
178,1,1,0,MI,408,348-4660
123,0,0,0,MA,415,410-5199
170,1,0,0,UT,415,397-6542
135,0,0,0,HI,415,333-4492
85,0,0,0,PA,408,405-9573
134,0,0,1,OR,415,359-7255
148,0,0,1,TN,415,419-5501
93,1,0,0,CT,415,404-4809
138,0,0,0,AZ,415,344-6334
159,0,0,0,OR,510,400-1899
103,0,0,1,DE,415,346-5053
150,0,0,1,MA,408,398-2148
37,0,0,0,CT,408,347-7675
33,0,1,0,AR,415,411-8956
55,0,0,0,SD,415,390-3761
134,0,0,1,CT,408,377-3876
107,0,0,0,CT,408,345-2476
80,0,0,1,MA,408,337-7879
78,1,0,0,MS,408,361-7283
85,1,0,1,MT,408,372-4868
61,0,0,1,AK,415,346-8863
97,0,0,1,DE,415,390-5267
136,0,1,0,OH,408,392-1547
135,0,0,0,MN,408,340-8177
87,0,0,1,CA,415,383-4802
165,0,0,0,OH,510,378-8567
148,1,0,0,NV,415,406-7844
99,0,0,0,SC,415,402-9173
123,0,0,0,WV,415,352-3440
127,0,1,0,NM,415,363-1413
151,0,0,0,WY,415,394-8861
185,0,0,0,CA,408,358-4036
65,0,0,1,KS,415,392-4680
58,0,0,0,WY,510,354-2762
104,0,0,0,OK,415,371-5811
44,0,0,0,UT,415,387-2014
58,0,0,0,MA,408,411-6598
108,0,0,0,UT,415,355-9356
132,0,0,0,MN,510,406-4720
80,0,0,0,NE,415,356-7239
162,0,0,0,OH,415,328-8747
110,0,0,0,KY,510,388-9464
96,1,0,0,WA,415,406-2866
168,1,0,0,NY,408,333-5729
72,1,0,0,IN,510,391-1499
125,0,0,1,CO,408,386-8690
170,0,0,0,DC,510,391-2231
71,0,0,0,AK,510,332-2275
124,0,0,0,SC,415,340-4028
68,0,0,0,KS,415,363-3486
97,0,0,0,UT,415,418-3181
98,0,1,0,IL,510,351-3316
24,1,0,0,DC,408,369-3626
136,0,0,0,DC,510,353-2763
44,1,0,0,OK,408,358-7165
96,0,0,1,KY,415,353-3223
31,0,0,0,NE,415,338-9044
72,0,0,0,AL,415,341-7296
24,0,0,0,HI,415,398-4431
112,0,0,1,SC,415,408-5601
117,1,1,0,GA,415,328-5188
137,0,0,1,KS,415,329-4474
136,0,0,0,PA,408,357-4573
95,0,0,0,UT,415,341-7112
82,0,0,1,OR,415,400-3147
145,1,0,0,ND,415,378-1936
56,0,1,0,KY,415,347-1640
155,0,1,0,MN,408,374-9531
133,1,0,0,OH,408,380-4374
53,0,0,0,TX,415,380-9409
123,1,0,0,WY,415,387-1116
136,0,0,0,GA,415,400-7509
57,0,0,0,TX,415,403-6225
62,0,0,0,WV,408,382-8274
112,0,0,0,NM,415,354-5764
55,0,0,1,MI,415,387-6912
95,1,0,0,NC,408,384-3413
125,0,0,0,NY,415,367-3950
1,1,0,0,TX,415,396-4254
98,1,0,1,KY,415,333-3010
105,0,0,0,SD,415,393-1891
113,0,0,1,ID,415,336-9053
99,1,0,0,OR,408,353-3372
103,0,0,0,WI,415,386-8943
177,0,0,0,WV,408,376-9716
149,0,0,1,SC,415,370-8676
160,1,0,0,CT,415,360-2329
116,0,0,0,NV,408,360-1320
90,0,0,1,ND,415,329-8638
148,1,1,0,MI,415,385-1118
147,1,0,1,MT,415,408-8269
95,0,0,0,NE,510,391-2334
201,0,0,0,UT,510,373-8900
80,0,0,0,WV,415,382-3512
122,0,1,0,AR,415,420-4089
132,0,0,0,MT,408,406-8465
83,0,0,0,UT,510,386-6114
99,1,0,0,HI,408,413-9328
84,1,0,0,KS,415,335-7144
46,0,0,0,NY,415,414-5177
87,0,0,0,OH,510,350-5993
150,0,0,0,HI,415,370-1465
73,0,0,0,KS,408,385-2370
7,0,0,0,IN,415,358-9146
89,0,0,1,OR,415,357-8515
131,1,1,0,NY,408,406-8995
105,0,0,0,VA,415,344-3145
108,1,1,0,MI,408,341-9890
47,0,0,1,ID,415,365-4387
101,0,1,0,MO,415,375-3341
182,0,0,1,AL,415,418-3096
161,0,0,0,OR,408,378-3879
128,1,0,0,VT,408,344-1362
69,0,0,1,AZ,415,419-3937
113,0,0,1,VA,408,348-4961
87,0,0,1,PA,408,329-1410
71,0,0,0,CO,415,332-9896
76,0,0,0,KY,415,407-8575
87,0,0,0,NJ,510,387-2799
117,0,0,0,IL,408,373-9108
177,1,0,0,WA,415,345-3947
95,0,0,0,WV,415,356-7511
76,0,0,0,RI,415,343-4516
66,0,0,0,OH,415,408-6305
110,0,0,0,MO,415,338-7305
204,0,0,0,MD,510,401-3077
32,0,0,1,OH,415,401-6977
133,0,0,1,VA,408,385-1464
185,0,0,0,FL,408,417-5034
103,0,0,1,CO,415,420-7066
91,0,0,0,NY,510,394-8256
131,0,0,0,WV,415,362-5044
153,0,0,0,LA,510,350-2075
132,0,0,1,MA,415,343-5372
148,0,0,0,UT,510,377-9520
141,0,0,0,AL,408,391-6773
105,0,0,0,ME,415,403-4442
169,1,0,0,TX,408,379-5885
127,0,0,1,ND,415,399-1021
57,0,0,0,CO,415,342-4004
123,0,0,1,LA,415,382-7659
103,1,0,1,MT,510,342-1004
101,0,0,0,OR,415,398-5851
123,0,0,1,NH,415,396-4869
78,0,0,1,NE,510,422-8333
101,0,0,1,WV,415,367-9127
129,0,0,0,NV,415,420-3028
67,0,0,1,MA,415,357-6348
37,0,0,0,MI,415,386-1131
64,0,1,0,KY,415,349-8391
173,0,0,0,WV,510,421-1484
135,0,0,0,KY,510,414-2663
75,0,0,1,NJ,415,327-6989
88,1,0,0,ME,415,405-5513
112,0,0,0,TX,415,345-9168
113,0,0,0,MN,408,417-5146
121,0,0,1,VA,510,339-2792
70,0,0,0,DC,415,345-8397
90,0,0,0,MD,415,344-6404
39,0,0,0,RI,408,417-9455
142,0,0,0,MA,408,343-1009
176,0,0,0,MD,408,365-3493
105,0,0,0,NM,408,376-7043
57,1,0,0,MN,415,348-5728
110,0,0,0,MI,510,357-5784
88,0,0,0,AZ,415,417-9844
95,0,0,0,AL,408,333-7225
147,0,0,0,MI,415,382-4943
101,1,0,0,SC,415,345-4589
115,0,0,0,MS,415,404-6337
103,0,0,0,MS,415,412-1470
82,0,0,0,CA,415,394-9220
141,0,0,0,MD,415,364-5362
149,0,0,0,ND,408,372-9852
131,0,0,0,IL,510,394-9984
119,0,0,0,SD,510,402-1668
112,0,0,0,AL,510,339-5659
116,0,0,1,NV,510,341-7279
94,0,0,0,LA,415,371-3236
90,0,0,0,VA,408,343-5679
114,0,0,1,DE,415,347-4626
63,0,0,1,CT,408,344-8498
130,1,0,0,CO,408,349-3005
122,0,0,1,MA,408,371-3498
166,0,0,0,OR,510,367-4853
62,0,0,0,WA,415,422-3454
78,0,0,1,SC,415,403-8915
148,0,0,1,IN,415,371-2418
154,1,0,0,MD,510,411-2977
110,0,0,1,NV,408,389-8163
75,1,0,0,TX,415,417-4456
84,0,0,1,ND,408,351-1894
113,0,0,0,WV,510,386-6408
181,0,0,1,CO,510,370-9592
51,0,0,0,TX,415,397-9251
102,0,0,1,FL,408,395-6913
107,0,0,0,AL,408,332-3804
88,1,0,0,WV,510,421-1326
82,0,0,0,MI,415,415-8200
204,0,0,0,NY,415,371-9414
130,0,0,0,MS,510,347-3895
174,0,0,0,MO,510,342-5854
129,0,0,0,AR,415,379-7192
190,0,1,0,MS,415,394-5753
54,0,1,0,NY,510,390-6932
78,0,0,0,SD,408,394-3171
100,0,0,1,AK,415,394-5202
70,0,0,1,WV,510,348-3777
111,0,0,0,SC,510,407-3949
117,0,0,0,VA,408,363-4779
68,0,0,0,MS,415,340-2239
27,1,0,0,SD,510,359-3423
91,0,0,0,MN,415,382-9297
181,0,0,1,AL,415,330-9294
118,0,0,1,CO,415,362-8763
112,0,0,0,ME,415,403-4816
93,0,0,0,GA,415,371-2155
102,0,0,0,AZ,408,334-1339
93,0,0,0,MA,415,341-7412
107,0,0,1,AZ,415,375-4770
100,0,0,1,IN,415,406-7643
115,0,0,0,DE,415,415-8164
63,0,0,1,WI,510,354-3545
57,0,0,0,ME,415,377-3139
119,0,0,1,DC,408,418-7478
73,0,0,0,GA,408,385-6952
98,0,0,1,HI,408,381-8593
139,0,1,0,VA,415,365-9371
31,0,0,1,NY,408,401-7335
129,0,0,1,PA,510,364-5126
115,1,0,0,AR,415,385-7157
108,1,0,0,HI,415,385-4766
139,0,0,0,DE,408,390-1760
102,0,0,0,WV,408,365-8831
149,0,0,0,OK,408,353-4002
113,0,0,0,OR,415,367-5923
131,0,0,1,ND,408,393-9548
83,0,0,0,MO,408,362-2356
96,0,0,1,AR,415,365-2341
98,0,0,0,GA,408,388-8797
3,0,0,0,TN,415,400-4713
77,0,0,1,MA,408,420-3042
75,0,0,1,ND,408,396-4171
40,1,0,0,IA,510,389-8417
108,0,0,0,NJ,415,339-4068
100,1,0,0,MT,415,341-4873
16,0,0,0,AL,415,336-2322
115,0,0,1,NY,510,402-1607
108,0,0,1,PA,510,379-3037
107,0,0,0,VT,510,382-1399
161,1,0,0,NC,415,394-5489
147,0,0,0,CT,415,387-6065
107,0,0,0,MO,415,327-6087
120,0,0,0,WV,510,341-8667
107,0,0,1,NJ,408,338-9612
58,0,0,0,AK,510,364-1134
91,0,0,0,LA,408,413-4811
13,0,0,0,AL,415,354-4333
104,0,0,0,IN,408,382-2026
93,0,0,1,MA,415,368-3287
95,0,0,0,DE,510,367-8298
104,0,0,0,SC,415,391-1783
35,1,0,0,NH,408,393-8762
62,0,0,0,LA,415,385-1423
143,0,0,0,MS,510,406-7670
62,0,0,0,NM,415,339-5423
60,1,1,0,WA,415,366-8939
41,0,0,0,SC,510,353-2391
34,0,0,1,MT,415,372-4203
56,1,0,0,ME,408,385-5688
183,0,0,0,NM,415,397-7453
94,0,0,0,AZ,415,366-9015
73,0,0,1,CT,415,356-1654
123,0,0,0,IL,408,337-3932
64,0,0,0,IN,408,350-1126
127,1,1,0,AR,415,416-3649
33,0,0,0,RI,415,349-1726
27,0,0,0,ND,415,405-1589
123,0,0,0,NH,408,366-7560
148,0,0,0,NV,510,333-9643
81,0,0,0,UT,415,355-6422
122,0,0,1,NC,510,329-5400
52,0,0,0,MI,415,383-6356
91,0,0,1,WI,408,377-7276
54,1,0,0,AR,415,337-1586
152,0,0,0,NH,510,336-9273
201,1,0,0,TX,415,415-5476
78,1,0,0,ID,415,332-2650
67,0,0,0,CT,415,418-8257
100,0,0,0,NH,408,407-3121
41,0,0,0,WY,510,381-2413
133,0,0,0,OR,415,378-1144
36,0,0,1,SC,408,359-5091
51,0,0,1,MD,510,378-6986
122,0,0,0,NY,415,386-6580
84,0,0,1,NM,408,419-9713
91,0,0,0,LA,415,382-6153
110,0,0,0,UT,408,332-1690
91,0,1,0,AL,408,348-9383
121,0,0,0,DE,408,420-3857
109,0,0,0,WV,415,405-2653
95,0,0,0,KY,510,417-9278
72,0,0,0,NC,415,352-5663
73,0,0,0,WV,415,370-8786
108,0,0,0,AZ,415,415-6333
58,0,0,1,WV,408,391-6558
148,0,1,0,ND,415,396-4234
76,1,1,0,WA,510,345-6961
103,1,0,0,ID,415,346-5992
87,1,0,0,CT,415,402-3908
35,0,0,1,OK,510,350-2340
88,0,0,0,IA,415,410-2015
67,0,0,1,NE,415,380-3311
77,0,0,1,ID,510,399-7029
124,0,0,0,OR,510,337-3868
30,0,0,0,SD,415,354-8088
53,0,0,1,DE,415,416-9723
152,0,0,0,WA,510,337-4403
100,0,1,0,CT,510,416-1536
59,0,0,1,MN,408,386-3796
143,0,0,0,WA,510,340-4989
142,0,0,1,PA,510,340-6221
105,0,0,0,ID,408,363-3469
111,1,0,0,MS,408,345-3787
143,0,0,0,WA,510,362-3107
93,0,0,1,DC,408,345-1994
79,0,0,0,KY,415,377-5417
68,1,1,1,OH,415,369-8574
93,0,1,0,TN,510,344-6847
103,0,0,0,ID,415,391-7528
144,0,0,1,WV,510,393-6053
93,0,0,0,WI,415,392-6286
149,0,1,0,OK,510,365-9079
23,0,0,1,WV,510,399-3089
221,0,0,1,SD,510,365-2192
164,0,0,1,KS,510,394-3051
104,0,0,1,NC,415,357-2429
150,0,0,1,NY,415,421-6268
184,0,0,1,WI,408,401-5915
88,0,0,0,SC,408,348-6057
61,0,1,1,UT,415,349-3843
110,0,0,0,NC,408,396-5561
115,1,0,0,IN,415,370-9622
33,0,0,0,AR,408,371-9602
100,1,0,0,ME,510,351-2815
209,0,0,0,NY,415,369-8703
27,0,0,0,OR,510,355-2840
117,0,0,0,IL,415,372-1115
87,0,0,0,MA,408,337-2986
129,0,0,1,CT,510,404-3238
142,0,0,0,WI,510,397-4968
112,0,0,0,OK,415,327-1058
75,0,0,1,DE,510,419-9509
97,0,0,1,AZ,408,349-7282
121,0,0,1,AK,408,382-5743
142,0,1,0,MI,415,358-2694
121,1,0,0,WA,510,378-1884
87,0,0,1,SD,415,330-1627
34,0,0,0,SD,408,392-5716
177,1,1,0,AK,415,384-6132
58,0,0,1,MA,415,359-2740
113,1,1,0,AR,415,338-6714
101,0,0,0,KS,415,347-9968
89,0,0,0,OR,415,343-3399
77,1,1,1,NC,408,334-6129
146,1,0,0,OK,510,377-4975
93,0,0,0,NJ,415,405-3533
160,0,0,0,OH,415,337-9326
55,0,0,0,NM,415,338-6556
88,0,0,0,OH,408,354-3040
63,0,0,0,MI,510,396-1278
127,0,0,1,KS,415,354-6810
57,0,0,1,IL,415,403-6237
138,1,1,0,RI,510,411-6823
115,0,0,0,AR,408,338-1400
171,0,0,0,NY,415,412-6245
148,0,0,0,WY,408,377-3417
127,0,0,0,NC,510,343-2597
61,0,0,0,OR,415,388-8282
131,0,0,0,VT,415,416-8394
88,0,0,0,SD,408,343-6643
130,0,0,0,DC,510,330-4364
89,0,0,1,RI,415,414-1537
82,1,0,0,ID,415,408-1913
138,0,0,1,OK,510,406-5532
115,0,0,0,MN,415,417-7722
84,1,0,0,WA,415,367-5226
117,0,1,0,WV,510,344-5766
60,0,0,0,NH,415,405-1370
62,0,0,0,WI,415,368-9073
133,1,0,0,MD,510,373-7974
131,0,0,0,IN,408,371-4633
65,0,0,0,IN,408,336-4960
120,0,0,1,NY,510,405-5083
142,0,0,1,OR,510,392-1105
134,0,0,0,OK,415,378-2397
87,0,0,0,WI,415,331-4184
139,0,0,1,NJ,415,376-2408
76,1,0,0,AR,408,345-3614
100,0,0,0,UT,408,370-9296
99,0,0,1,DC,415,402-5076
99,0,0,0,AK,510,401-7334
48,0,0,1,AZ,415,409-3428
57,0,0,0,KS,415,362-2067
106,0,0,1,OH,415,352-2270
170,1,0,1,KS,415,404-5840
78,0,0,0,SC,415,360-3126
39,0,0,0,TN,408,364-8731
127,0,0,0,CA,510,388-4331
119,1,1,1,MI,510,335-7324
114,0,0,0,IN,408,362-8886
95,0,0,0,RI,408,410-4882
116,0,0,0,MO,408,371-1139
110,0,0,0,TN,415,391-5516
74,0,0,0,CT,510,380-3186
148,0,0,1,ME,408,347-9995
83,0,0,0,MD,510,340-9013
73,0,0,0,NC,408,362-8378
111,0,0,1,SC,415,418-8969
84,1,0,0,CA,415,417-1488
75,0,1,0,LA,510,358-9898
114,0,0,1,WI,415,373-7308
71,1,1,0,IL,510,330-7137
58,0,0,1,IN,415,406-8445
106,0,0,1,AL,408,404-5283
172,0,0,0,OK,408,398-3632
45,0,0,0,IA,415,399-5763
100,0,1,0,VT,408,340-9449
94,0,0,0,NY,415,363-1123
128,0,0,0,LA,415,361-2170
181,0,0,0,SC,408,406-6304
127,0,0,0,ID,408,392-5090
89,0,0,0,MO,415,373-7713
149,0,0,1,ME,415,392-1376
103,0,0,1,MS,510,390-6388
163,0,1,0,SD,415,379-7290
52,0,0,0,OK,415,397-9928
89,0,0,0,WY,415,378-6924
122,1,1,0,GA,510,411-5677
60,0,0,0,VT,415,400-2738
62,1,0,0,MD,408,409-1856
117,1,0,0,IN,415,362-5899
159,0,0,0,WV,415,377-1164
78,0,0,0,OH,408,368-8555
96,0,0,0,OH,415,347-6812
79,0,0,0,SC,415,348-3830
192,0,0,1,AZ,415,414-4276
68,0,0,0,WV,415,370-3271
28,0,0,0,RI,510,328-8230
184,0,1,0,CT,510,364-6381
74,0,0,1,TN,415,400-4344
